# crossings of strand A(u) with the mirror strand B(v): u = (j/p + k/q)/2, v = (k/q - j/p)/2, p = N + 1/2, q = N - 1/2
# u and v are the generator parameters (fibre phase tau = pi/2 + 2*pi*N*u, i.e. a1 = pi/2 + 2*pi*p*u), not arclength fractions
# sign = (-1)^k: A displaced to eta + sign*delta_eta and B to eta - sign*delta_eta at this crossing; x,y,z = crossing point on the undisplaced torus (unit ball)
u,v,j,k,sign,x,y,z
0.000000000,0.000000000,0,0,1,0.000000,0.967501,0.000000
0.000868432,0.041684759,-1,1,-1,-0.127066,0.944823,-0.102683
0.001736865,0.083369518,-2,2,1,-0.241319,0.880955,-0.195150
0.002605297,0.125054277,-3,3,-1,-0.333561,0.786633,-0.270071
0.003473730,0.166739036,-4,4,1,-0.399881,0.675131,-0.324324
0.004342162,0.208423795,-5,5,-1,-0.441024,0.558476,-0.358499
0.005210595,0.250108554,-6,6,1,-0.460575,0.445434,-0.375448
0.006079027,0.291793313,-7,7,-1,-0.463152,0.341253,-0.378847
0.006947460,0.333478072,-8,8,1,-0.453220,0.248371,-0.372249
0.007815892,0.375162831,-9,9,-1,-0.434531,0.167357,-0.358640
0.008684325,0.416847590,-10,10,1,-0.409994,0.097706,-0.340331
0.009552757,0.458532349,-11,11,-1,-0.381740,0.038403,-0.319016
0.010421190,0.500217108,-12,12,1,-0.351281,-0.011745,-0.295893
0.011289622,0.541901867,-13,13,-1,-0.319651,-0.053918,-0.271780
0.012158055,0.583586626,-14,14,1,-0.287545,-0.089197,-0.247223
0.013026487,0.625271385,-15,15,-1,-0.255412,-0.118524,-0.222572
0.013894920,0.666956144,-16,16,1,-0.223533,-0.142698,-0.198042
0.014763352,0.708640903,-17,17,-1,-0.192072,-0.162387,-0.173754
0.015631785,0.750325662,-18,18,1,-0.161116,-0.178138,-0.149766
0.016500217,0.792010421,-19,19,-1,-0.130698,-0.190394,-0.126090
0.017368650,0.833695180,-20,20,1,-0.100815,-0.199507,-0.102713
0.018237082,0.875379939,-21,21,-1,-0.071445,-0.205751,-0.079597
0.019105515,0.917064698,-22,22,1,-0.042549,-0.209335,-0.056696
0.019973947,0.958749457,-23,23,-1,-0.014085,-0.210404,-0.033953
0.021276596,0.021276596,0,1,-1,0.027904,-0.207484,-0.000000
0.022145028,0.062961355,-1,2,1,0.055488,-0.202565,0.022622
0.023013461,0.104646114,-2,3,-1,0.082790,-0.195241,0.045309
0.023881893,0.146330873,-3,4,1,0.109834,-0.185436,0.068123
0.024750326,0.188015632,-4,5,-1,0.136635,-0.173023,0.091125
0.025618758,0.229700391,-5,6,1,0.163184,-0.157819,0.114366
0.026487191,0.271385150,-6,7,-1,0.189449,-0.139587,0.137889
0.027355623,0.313069909,-7,8,1,0.215361,-0.118021,0.161721
0.028224056,0.354754668,-8,9,-1,0.240802,-0.092743,0.185863
0.029092488,0.396439427,-9,10,1,0.265586,-0.063292,0.210283
0.029960921,0.438124186,-10,11,-1,0.289438,-0.029118,0.234893
0.030829353,0.479808945,-11,12,1,0.311953,0.010430,0.259532
0.031697785,0.521493704,-12,13,-1,0.332558,0.056096,0.283921
0.032566218,0.563178463,-13,14,1,0.350443,0.108709,0.307622
0.033434650,0.604863222,-14,15,-1,0.364489,0.169141,0.329964
0.034303083,0.646547981,-15,16,1,0.373166,0.238220,0.349953
0.035171515,0.688232740,-16,17,-1,0.374437,0.316567,0.366161
0.036039948,0.729917499,-17,18,1,0.365672,0.404305,0.376595
0.036908380,0.771602258,-18,19,-1,0.343646,0.500605,0.378609
0.037776813,0.813287017,-19,20,1,0.304726,0.603032,0.368903
0.038645245,0.854971776,-20,21,-1,0.245415,0.706763,0.343777
0.039513678,0.896656535,-21,22,1,0.163410,0.803952,0.299816
0.040382110,0.938341294,-22,23,-1,0.059164,0.883813,0.235100
0.041250543,0.980026053,-23,24,1,-0.062534,0.934148,0.150744
0.041684759,0.000868432,1,1,-1,-0.127066,0.944823,0.102683
0.042553191,0.042553191,0,2,1,-0.255609,0.933125,0.000000
0.043421624,0.084237950,-1,3,-1,-0.372169,0.877682,-0.102683
0.044290056,0.125922710,-2,4,1,-0.465489,0.785899,-0.195150
0.045158489,0.167607469,-3,5,-1,-0.529534,0.670558,-0.270071
0.046026921,0.209292228,-4,6,1,-0.564039,0.545496,-0.324324
0.046895354,0.250976987,-5,7,-1,-0.572901,0.422116,-0.358499
0.047763786,0.292661746,-6,8,1,-0.561892,0.307925,-0.375448
0.048632219,0.334346505,-7,9,-1,-0.536853,0.206765,-0.378847
0.049500651,0.376031264,-8,10,1,-0.502735,0.119808,-0.372249
0.050369084,0.417716023,-9,11,-1,-0.463307,0.046609,-0.358640
0.051237516,0.459400782,-10,12,1,-0.421240,-0.014084,-0.340331
0.052105949,0.501085541,-11,13,-1,-0.378323,-0.063815,-0.319016
0.052974381,0.542770300,-12,14,1,-0.335697,-0.104134,-0.295893
0.053842814,0.584455059,-13,15,-1,-0.294049,-0.136453,-0.271780
0.054711246,0.626139818,-14,16,1,-0.253763,-0.161996,-0.247223
0.055579679,0.667824577,-15,17,-1,-0.215023,-0.181791,-0.222572
0.056448111,0.709509336,-16,18,1,-0.177890,-0.196684,-0.198042
0.057316544,0.751194095,-17,19,-1,-0.142346,-0.207362,-0.173754
0.058184976,0.792878854,-18,20,1,-0.108329,-0.214375,-0.149766
0.059053409,0.834563613,-19,21,-1,-0.075753,-0.218159,-0.126090
0.059921841,0.876248372,-20,22,1,-0.044524,-0.219053,-0.102713
0.060790274,0.917933131,-21,23,-1,-0.014548,-0.217316,-0.079597
0.061658706,0.959617890,-22,24,1,0.014268,-0.213138,-0.056696
0.062961355,0.022145028,1,2,1,0.055488,-0.202565,-0.022622
0.063829787,0.063829787,0,3,-1,0.081729,-0.192740,-0.000000
0.064698220,0.105514546,-1,4,1,0.107033,-0.180708,0.022622
0.065566652,0.147199305,-2,5,-1,0.131430,-0.166432,0.045309
0.066435085,0.188884064,-3,6,1,0.154923,-0.149830,0.068123
0.067303517,0.230568823,-4,7,-1,0.177492,-0.130777,0.091125
0.068171950,0.272253582,-5,8,1,0.199081,-0.109099,0.114366
0.069040382,0.313938341,-6,9,-1,0.219596,-0.084576,0.137889
0.069908815,0.355623100,-7,10,1,0.238890,-0.056930,0.161721
0.070777247,0.397307859,-8,11,-1,0.256748,-0.025829,0.185863
0.071645680,0.438992618,-9,12,1,0.272871,0.009123,0.210283
0.072514112,0.480677377,-10,13,-1,0.286846,0.048385,0.234893
0.073382545,0.522362136,-11,14,1,0.298114,0.092476,0.259532
0.074250977,0.564046895,-12,15,-1,0.305922,0.141963,0.283921
0.075119409,0.605731654,-13,16,1,0.309272,0.197432,0.307622
0.075987842,0.647416413,-14,17,-1,0.306852,0.259427,0.329964
0.076856274,0.689101172,-15,18,1,0.296970,0.328345,0.349953
0.077724707,0.730785931,-16,19,-1,0.277498,0.404244,0.366161
0.078593139,0.772470690,-17,20,1,0.245864,0.486549,0.376595
0.079461572,0.814155449,-18,21,-1,0.199178,0.573608,0.378609
0.080330004,0.855840208,-19,22,1,0.134580,0.662113,0.368903
0.081198437,0.897524967,-20,23,-1,0.049972,0.746488,0.343777
0.082066869,0.939209726,-21,24,1,-0.054796,0.818559,0.299816
0.082935302,0.980894485,-22,25,-1,-0.176437,0.868041,0.235100
0.083369518,0.001736865,2,2,1,-0.241319,0.880955,0.195150
0.084237950,0.043421624,1,3,-1,-0.372169,0.877682,0.102683
0.085106383,0.085106383,0,4,1,-0.493055,0.832439,0.000000
0.085974815,0.126791142,-1,5,-1,-0.590825,0.748172,-0.102683
0.086843248,0.168475901,-2,6,1,-0.656580,0.634995,-0.195150
0.087711680,0.210160660,-3,7,-1,-0.687877,0.506832,-0.270071
0.088580113,0.251845419,-4,8,1,-0.688116,0.377098,-0.324324
0.089448545,0.293530178,-5,9,-1,-0.664067,0.255760,-0.358499
0.090316978,0.335214937,-6,10,1,-0.623280,0.148535,-0.375448
0.091185410,0.376899696,-7,11,-1,-0.572405,0.057584,-0.378847
0.092053843,0.418584455,-8,12,1,-0.516525,-0.017269,-0.372249
0.092922275,0.460269214,-9,13,-1,-0.459159,-0.077450,-0.358640
0.093790708,0.501953973,-10,14,1,-0.402552,-0.124873,-0.340331
0.094659140,0.543638732,-11,15,-1,-0.348021,-0.161499,-0.319016
0.095527573,0.585323491,-12,16,1,-0.296257,-0.189124,-0.295893
0.096396005,0.627008250,-13,17,-1,-0.247551,-0.209291,-0.271780
0.097264438,0.668693009,-14,18,1,-0.201948,-0.223283,-0.247223
0.098132870,0.710377768,-15,19,-1,-0.159355,-0.232140,-0.222572
0.099001303,0.752062527,-16,20,1,-0.119607,-0.236694,-0.198042
0.099869735,0.793747286,-17,21,-1,-0.082504,-0.237601,-0.173754
0.100738168,0.835432045,-18,22,1,-0.047843,-0.235378,-0.149766
0.101606600,0.877116804,-19,23,-1,-0.015425,-0.230421,-0.126090
0.102475033,0.918801563,-20,24,1,0.014930,-0.223033,-0.102713
0.103343465,0.960486322,-21,25,-1,0.043383,-0.213438,-0.079597
0.104646114,0.023013461,2,3,-1,0.082790,-0.195241,-0.045309
0.105514546,0.064698220,1,4,1,0.107033,-0.180708,-0.022622
0.106382979,0.106382979,0,5,-1,0.129746,-0.164299,0.000000
0.107251411,0.148067738,-1,6,1,0.150973,-0.146009,0.022622
0.108119844,0.189752497,-2,7,-1,0.170731,-0.125795,0.045309
0.108988276,0.231437256,-3,8,1,0.189003,-0.103576,0.068123
0.109856709,0.273122015,-4,9,-1,0.205736,-0.079238,0.091125
0.110725141,0.314806774,-5,10,1,0.220831,-0.052627,0.114366
0.111593574,0.356491533,-6,11,-1,0.234138,-0.023555,0.137889
0.112462006,0.398176292,-7,12,1,0.245442,0.008206,0.161721
0.113330439,0.439861051,-8,13,-1,0.254449,0.042920,0.185863
0.114198871,0.481545810,-9,14,1,0.260766,0.080890,0.210283
0.115067304,0.523230569,-10,15,-1,0.263871,0.122449,0.234893
0.115935736,0.564915328,-11,16,1,0.263090,0.167950,0.259532
0.116804168,0.606600087,-12,17,-1,0.257546,0.217742,0.283921
0.117672601,0.648284846,-13,18,1,0.246122,0.272125,0.307622
0.118541033,0.689969605,-14,19,-1,0.227410,0.331278,0.329964
0.119409466,0.731654364,-15,20,1,0.199672,0.395137,0.349953
0.120277898,0.773339123,-16,21,-1,0.160839,0.463194,0.366161
0.121146331,0.815023882,-17,22,1,0.108584,0.534217,0.376595
0.122014763,0.856708641,-18,23,-1,0.040557,0.605849,0.378609
0.122883196,0.898393400,-19,24,1,-0.045129,0.674143,0.368903
0.123751628,0.940078159,-20,25,-1,-0.149023,0.733167,0.343777
0.124620061,0.981762918,-21,26,1,-0.269109,0.774998,0.299816
0.125054277,0.002605297,3,3,-1,-0.333561,0.786633,0.270071
0.125922710,0.044290056,2,4,1,-0.465489,0.785899,0.195150
0.126791142,0.085974815,1,5,-1,-0.590825,0.748172,0.102683
0.127659574,0.127659574,0,6,1,-0.695462,0.672599,0.000000
0.128528007,0.169344333,-1,7,-1,-0.767496,0.565495,-0.102683
0.129396439,0.211029092,-2,8,1,-0.801014,0.438968,-0.195150
0.130264872,0.252713851,-3,9,-1,-0.797339,0.307089,-0.270071
0.131133304,0.294398611,-4,10,1,-0.763294,0.181902,-0.324324
0.132001737,0.336083370,-5,11,-1,-0.708043,0.071230,-0.358499
0.132870169,0.377768129,-6,12,1,-0.640377,-0.021410,-0.375448
0.133738602,0.419452888,-7,13,-1,-0.567280,-0.095688,-0.378847
0.134607034,0.461137647,-8,14,1,-0.493610,-0.153119,-0.372249
0.135475467,0.502822406,-9,15,-1,-0.422383,-0.196006,-0.358640
0.136343899,0.544507165,-10,16,1,-0.355258,-0.226788,-0.340331
0.137212332,0.586191924,-11,17,-1,-0.292988,-0.247706,-0.319016
0.138080764,0.627876683,-12,18,1,-0.235765,-0.260674,-0.295893
0.138949197,0.669561442,-13,19,-1,-0.183461,-0.267257,-0.271780
0.139817629,0.711246201,-14,20,1,-0.135782,-0.268703,-0.247223
0.140686062,0.752930960,-15,21,-1,-0.092363,-0.265993,-0.222572
0.141554494,0.794615719,-16,22,1,-0.052824,-0.259883,-0.198042
0.142422927,0.836300478,-17,23,-1,-0.016800,-0.250957,-0.173754
0.143291359,0.877985237,-18,24,1,0.016043,-0.239655,-0.149766
0.144159792,0.919669996,-19,25,-1,0.045999,-0.226309,-0.126090
0.145028224,0.961354755,-20,26,1,0.073324,-0.211164,-0.102713
0.146330873,0.023881893,3,4,1,0.109834,-0.185436,-0.068123
0.147199305,0.065566652,2,5,-1,0.131430,-0.166432,-0.045309
0.148067738,0.107251411,1,6,1,0.150973,-0.146009,-0.022622
0.148936170,0.148936170,0,7,-1,0.168543,-0.124183,-0.000000
0.149804603,0.190620929,-1,8,1,0.184183,-0.100935,0.022622
0.150673035,0.232305688,-2,9,-1,0.197899,-0.076219,0.045309
0.151541468,0.273990447,-3,10,1,0.209652,-0.049963,0.068123
0.152409900,0.315675206,-4,11,-1,0.219360,-0.022068,0.091125
0.153278333,0.357359965,-5,12,1,0.226888,0.007586,0.114366
0.154146765,0.399044724,-6,13,-1,0.232042,0.039141,0.137889
0.155015198,0.440729483,-7,14,1,0.234554,0.072759,0.161721
0.155883630,0.482414242,-8,15,-1,0.234069,0.108620,0.185863
0.156752063,0.524099001,-9,16,1,0.230130,0.146909,0.210283
0.157620495,0.565783760,-10,17,-1,0.222145,0.187812,0.234893
0.158488927,0.607468519,-11,18,1,0.209370,0.231490,0.259532
0.159357360,0.649153278,-12,19,-1,0.190869,0.278048,0.283921
0.160225792,0.690838037,-13,20,1,0.165483,0.327480,0.307622
0.161094225,0.732522796,-14,21,-1,0.131807,0.379588,0.329964
0.161962657,0.774207555,-15,22,1,0.088184,0.433849,0.349953
0.162831090,0.815892314,-16,23,-1,0.032750,0.489229,0.366161
0.163699522,0.857577073,-17,24,1,-0.036411,0.543924,0.376595
0.164567955,0.899261832,-18,25,-1,-0.120947,0.595038,0.378609
0.165436387,0.940946591,-19,26,1,-0.221631,0.638267,0.368903
0.166304820,0.982631350,-20,27,-1,-0.337427,0.667746,0.343777
0.166739036,0.003473730,4,4,1,-0.399881,0.675131,0.324324
0.167607469,0.045158489,3,5,-1,-0.529534,0.670558,0.270071
0.168475901,0.086843248,2,6,1,-0.656580,0.634995,0.195150
0.169344333,0.128528007,1,7,-1,-0.767496,0.565495,0.102683
0.170212766,0.170212766,0,8,1,-0.848450,0.464963,0.000000
0.171081198,0.211897525,-1,9,-1,-0.889628,0.342634,-0.102683
0.171949631,0.253582284,-2,10,1,-0.888527,0.211747,-0.195150
0.172818063,0.295267043,-3,11,-1,-0.850141,0.085525,-0.270071
0.173686496,0.336951802,-4,12,1,-0.784231,-0.026220,-0.324324
0.174554928,0.378636561,-5,13,-1,-0.701704,-0.118363,-0.358499
0.175423361,0.420321320,-6,14,1,-0.611967,-0.189834,-0.375448
0.176291793,0.462006079,-7,15,-1,-0.521844,-0.242161,-0.378847
0.177160226,0.503690838,-8,16,1,-0.435618,-0.278088,-0.372249
0.178028658,0.545375597,-9,17,-1,-0.355591,-0.300634,-0.358640
0.178897091,0.587060356,-10,18,1,-0.282719,-0.312588,-0.340331
0.179765523,0.628745115,-11,19,-1,-0.217135,-0.316311,-0.319016
0.180633956,0.670429874,-12,20,1,-0.158520,-0.313700,-0.295893
0.181502388,0.712114633,-13,21,-1,-0.106335,-0.306230,-0.271780
0.182370821,0.753799392,-14,22,1,-0.059967,-0.295029,-0.247223
0.183239253,0.795484151,-15,23,-1,-0.018807,-0.280944,-0.222572
0.184107686,0.837168910,-16,24,1,0.017713,-0.264605,-0.198042
0.184976118,0.878853669,-17,25,-1,0.050099,-0.246478,-0.173754
0.185844551,0.920538428,-18,26,1,0.078789,-0.226901,-0.149766
0.186712983,0.962223187,-19,27,-1,0.104155,-0.206115,-0.126090
0.188015632,0.024750326,4,5,-1,0.136635,-0.173023,-0.091125
0.188884064,0.066435085,3,6,1,0.154923,-0.149830,-0.068123
0.189752497,0.108119844,2,7,-1,0.170731,-0.125795,-0.045309
0.190620929,0.149804603,1,8,1,0.184183,-0.100935,-0.022622
0.191489362,0.191489362,0,9,-1,0.195363,-0.075243,-0.000000
0.192357794,0.233174121,-1,10,1,0.204306,-0.048689,0.022622
0.193226227,0.274858880,-2,11,-1,0.211004,-0.021227,0.045309
0.194094659,0.316543639,-3,12,1,0.215403,0.007202,0.068123
0.194963092,0.358228398,-4,13,-1,0.217396,0.036670,0.091125
0.195831524,0.399913157,-5,14,1,0.216823,0.067259,0.114366
0.196699957,0.441597916,-6,15,-1,0.213457,0.099054,0.137889
0.197568389,0.483282675,-7,16,1,0.206997,0.132142,0.161721
0.198436822,0.524967434,-8,17,-1,0.197056,0.166600,0.185863
0.199305254,0.566652193,-9,18,1,0.183140,0.202489,0.210283
0.200173686,0.608336952,-10,19,-1,0.164633,0.239829,0.234893
0.201042119,0.650021711,-11,20,1,0.140773,0.278580,0.259532
0.201910551,0.691706470,-12,21,-1,0.110628,0.318595,0.283921
0.202778984,0.733391229,-13,22,1,0.073085,0.359565,0.307622
0.203647416,0.775075988,-14,23,-1,0.026839,0.400924,0.329964
0.204515849,0.816760747,-15,24,1,-0.029570,0.441732,0.349953
0.205384281,0.858445506,-16,25,-1,-0.097666,0.480499,0.366161
0.206252714,0.900130265,-17,26,1,-0.178820,0.514978,0.376595
0.207121146,0.941815024,-18,27,-1,-0.273856,0.541942,0.378609
0.207989579,0.983499783,-19,28,1,-0.382383,0.557036,0.368903
0.208423795,0.004342162,5,5,-1,-0.441024,0.558476,0.358499
0.209292228,0.046026921,4,6,1,-0.564039,0.545496,0.324324
0.210160660,0.087711680,3,7,-1,-0.687877,0.506832,0.270071
0.211029092,0.129396439,2,8,1,-0.801014,0.438968,0.195150
0.211897525,0.171081198,1,9,-1,-0.889628,0.342634,0.102683
0.212765957,0.212765957,0,10,1,-0.941145,0.224286,-0.000000
0.213634390,0.254450716,-1,11,-1,-0.948541,0.095424,-0.102683
0.214502822,0.296135475,-2,12,1,-0.912899,-0.030522,-0.195150
0.215371255,0.337820234,-3,13,-1,-0.842530,-0.142117,-0.270071
0.216239687,0.379504993,-4,14,1,-0.749440,-0.232478,-0.324324
0.217108120,0.421189752,-5,15,-1,-0.645501,-0.299544,-0.358499
0.217976552,0.462874512,-6,16,1,-0.540070,-0.344768,-0.375448
0.218844985,0.504559271,-7,17,-1,-0.439325,-0.371426,-0.378847
0.219713417,0.546244030,-8,18,1,-0.346671,-0.383296,-0.372249
0.220581850,0.587928789,-9,19,-1,-0.263531,-0.383897,-0.358640
0.221450282,0.629613548,-10,20,1,-0.190090,-0.376174,-0.340331
0.222318715,0.671298307,-11,21,-1,-0.125852,-0.362439,-0.319016
0.223187147,0.712983066,-12,22,1,-0.070009,-0.344434,-0.295893
0.224055580,0.754667825,-13,23,-1,-0.021652,-0.323443,-0.271780
0.224924012,0.796352584,-14,24,1,0.020109,-0.300390,-0.247223
0.225792445,0.838037343,-15,25,-1,0.056085,-0.275930,-0.222572
0.226660877,0.879722102,-16,26,1,0.086991,-0.250524,-0.198042
0.227529310,0.921406861,-17,27,-1,0.113437,-0.224485,-0.173754
0.228397742,0.963091620,-18,28,1,0.135935,-0.198023,-0.149766
0.229700391,0.025618758,5,6,1,0.163184,-0.157819,-0.114366
0.230568823,0.067303517,4,7,-1,0.177492,-0.130777,-0.091125
0.231437256,0.108988276,3,8,1,0.189003,-0.103576,-0.068123
0.232305688,0.150673035,2,9,-1,0.197899,-0.076219,-0.045309
0.233174121,0.192357794,1,10,1,0.204306,-0.048689,-0.022622
0.234042553,0.234042553,0,11,-1,0.208300,-0.020955,0.000000
0.234910986,0.275727312,-1,12,1,0.209910,0.007018,0.022622
0.235779418,0.317412071,-2,13,-1,0.209115,0.035273,0.045309
0.236647851,0.359096830,-3,14,1,0.205847,0.063854,0.068123
0.237516283,0.400781589,-4,15,-1,0.199984,0.092802,0.091125
0.238384716,0.442466348,-5,16,1,0.191349,0.122153,0.114366
0.239253148,0.484151107,-6,17,-1,0.179703,0.151929,0.137889
0.240121581,0.525835866,-7,18,1,0.164731,0.182135,0.161721
0.240990013,0.567520625,-8,19,-1,0.146039,0.212742,0.185863
0.241858446,0.609205384,-9,20,1,0.123136,0.243679,0.210283
0.242726878,0.650890143,-10,21,-1,0.095422,0.274803,0.234893
0.243595310,0.692574902,-11,22,1,0.062171,0.305873,0.259532
0.244463743,0.734259661,-12,23,-1,0.022526,0.336503,0.283921
0.245332175,0.775944420,-13,24,1,-0.024507,0.366098,0.307622
0.246200608,0.817629179,-14,25,-1,-0.080037,0.393770,0.329964
0.247069040,0.859313938,-15,26,1,-0.145223,0.418225,0.349953
0.247937473,0.900998697,-16,27,-1,-0.221141,0.437624,0.366161
0.248805905,0.942683456,-17,28,1,-0.308521,0.449437,0.376595
0.249674338,0.984368215,-18,29,-1,-0.407304,0.450335,0.378609
0.250108554,0.005210595,6,6,1,-0.460575,0.445434,0.375448
0.250976987,0.046895354,5,7,-1,-0.572901,0.422116,0.358499
0.251845419,0.088580113,4,8,1,-0.688116,0.377098,0.324324
0.252713851,0.130264872,3,9,-1,-0.797339,0.307089,0.270071
0.253582284,0.171949631,2,10,1,-0.888527,0.211747,0.195150
0.254450716,0.213634390,1,11,-1,-0.948541,0.095424,0.102683
0.255319149,0.255319149,0,12,1,-0.966961,-0.032329,0.000000
0.256187581,0.297003908,-1,13,-1,-0.940049,-0.158567,-0.102683
0.257056014,0.338688667,-2,14,1,-0.872399,-0.270621,-0.195150
0.257924446,0.380373426,-3,15,-1,-0.775047,-0.359660,-0.270071
0.258792879,0.422058185,-4,16,1,-0.661392,-0.422217,-0.324324
0.259661311,0.463742944,-5,17,-1,-0.543427,-0.459439,-0.358499
0.260529744,0.505427703,-6,18,1,-0.429795,-0.475202,-0.375448
0.261398176,0.547112462,-7,19,-1,-0.325586,-0.474296,-0.378847
0.262266609,0.588797221,-8,20,1,-0.233088,-0.461266,-0.372249
0.263135041,0.630481980,-9,21,-1,-0.152743,-0.439881,-0.358640
0.264003474,0.672166739,-10,22,1,-0.083952,-0.413029,-0.340331
0.264871906,0.713851498,-11,23,-1,-0.025626,-0.382810,-0.319016
0.265740339,0.755536257,-12,24,1,0.023476,-0.350692,-0.295893
0.266608771,0.797221016,-13,25,-1,0.064569,-0.317671,-0.271780
0.267477204,0.838905775,-14,26,1,0.098756,-0.284404,-0.247223
0.268345636,0.880590534,-15,27,-1,0.126992,-0.251309,-0.222572
0.269214069,0.922275293,-16,28,1,0.150088,-0.218640,-0.198042
0.270082501,0.963960052,-17,29,-1,0.168715,-0.186539,-0.173754
0.271385150,0.026487191,6,7,-1,0.189449,-0.139587,-0.137889
0.272253582,0.068171950,5,8,1,0.199081,-0.109099,-0.114366
0.273122015,0.109856709,4,9,-1,0.205736,-0.079238,-0.091125
0.273990447,0.151541468,3,10,1,0.209652,-0.049963,-0.068123
0.274858880,0.193226227,2,11,-1,0.211004,-0.021227,-0.045309
0.275727312,0.234910986,1,12,1,0.209910,0.007018,-0.022622
0.276595745,0.276595745,0,13,-1,0.206435,0.034821,0.000000
0.277464177,0.318280504,-1,14,1,0.200598,0.062226,0.022622
0.278332610,0.359965263,-2,15,-1,0.192366,0.089267,0.045309
0.279201042,0.401650022,-3,16,1,0.181663,0.115969,0.068123
0.280069475,0.443334781,-4,17,-1,0.168360,0.142340,0.091125
0.280937907,0.485019540,-5,18,1,0.152278,0.168366,0.114366
0.281806340,0.526704299,-6,19,-1,0.133179,0.194008,0.137889
0.282674772,0.568389058,-7,20,1,0.110759,0.219184,0.161721
0.283543205,0.610073817,-8,21,-1,0.084645,0.243766,0.185863
0.284411637,0.651758576,-9,22,1,0.054382,0.267553,0.210283
0.285280069,0.693443335,-10,23,-1,0.019430,0.290249,0.234893
0.286148502,0.735128094,-11,24,1,-0.020848,0.311431,0.259532
0.287016934,0.776812853,-12,25,-1,-0.067177,0.330498,0.283921
0.287885367,0.818497612,-13,26,1,-0.120358,0.346615,0.307622
0.288753799,0.860182371,-14,27,-1,-0.181226,0.358633,0.329964
0.289622232,0.901867130,-15,28,1,-0.250557,0.364997,0.349953
0.290490664,0.943551889,-16,29,-1,-0.328902,0.363650,0.366161
0.291359097,0.985236648,-17,30,1,-0.416298,0.351958,0.376595
0.291793313,0.006079027,7,7,-1,-0.463152,0.341253,0.378847
0.292661746,0.047763786,6,8,1,-0.561892,0.307925,0.375448
0.293530178,0.089448545,5,9,-1,-0.664067,0.255760,0.358499
0.294398611,0.131133304,4,10,1,-0.763294,0.181902,0.324324
0.295267043,0.172818063,3,11,-1,-0.850141,0.085525,0.270071
0.296135475,0.214502822,2,12,1,-0.912899,-0.030522,0.195150
0.297003908,0.256187581,1,13,-1,-0.940049,-0.158567,0.102683
0.297872340,0.297872340,0,14,1,-0.924062,-0.286647,-0.000000
0.298740773,0.339557099,-1,15,-1,-0.864756,-0.401289,-0.102683
0.299609205,0.381241858,-2,16,1,-0.769906,-0.491489,-0.195150
0.300477638,0.422926617,-3,17,-1,-0.652489,-0.551645,-0.270071
0.301346070,0.464611376,-4,18,1,-0.526344,-0.581952,-0.324324
0.302214503,0.506296135,-5,19,-1,-0.402737,-0.586686,-0.358499
0.303082935,0.547980894,-6,20,1,-0.288978,-0.571868,-0.375448
0.303951368,0.589665653,-7,21,-1,-0.188711,-0.543463,-0.378847
0.304819800,0.631350413,-8,22,1,-0.102942,-0.506457,-0.372249
0.305688233,0.673035172,-9,23,-1,-0.031102,-0.464606,-0.358640
0.306556665,0.714719931,-10,24,1,0.028151,-0.420534,-0.340331
0.307425098,0.756404690,-11,25,-1,0.076421,-0.375979,-0.319016
0.308293530,0.798089449,-12,26,1,0.115293,-0.332029,-0.295893
0.309161963,0.839774208,-13,27,-1,0.146203,-0.289325,-0.271780
0.310030395,0.881458967,-14,28,1,0.170385,-0.248208,-0.247223
0.310898828,0.923143726,-15,29,-1,0.188875,-0.208829,-0.222572
0.311767260,0.964828485,-16,30,1,0.202519,-0.171219,-0.198042
0.313069909,0.027355623,7,8,1,0.215361,-0.118021,-0.161721
0.313938341,0.069040382,6,9,-1,0.219596,-0.084576,-0.137889
0.314806774,0.110725141,5,10,1,0.220831,-0.052627,-0.114366
0.315675206,0.152409900,4,11,-1,0.219360,-0.022068,-0.091125
0.316543639,0.194094659,3,12,1,0.215403,0.007202,-0.068123
0.317412071,0.235779418,2,13,-1,0.209115,0.035273,-0.045309
0.318280504,0.277464177,1,14,1,0.200598,0.062226,-0.022622
0.319148936,0.319148936,0,15,-1,0.189901,0.088123,-0.000000
0.320017369,0.360833695,-1,16,1,0.177030,0.113012,0.022622
0.320885801,0.402518454,-2,17,-1,0.161947,0.136918,0.045309
0.321754234,0.444203213,-3,18,1,0.144570,0.159843,0.068123
0.322622666,0.485887972,-4,19,-1,0.124773,0.181762,0.091125
0.323491099,0.527572731,-5,20,1,0.102386,0.202615,0.114366
0.324359531,0.569257490,-6,21,-1,0.077191,0.222299,0.137889
0.325227964,0.610942249,-7,22,1,0.048916,0.240658,0.161721
0.326096396,0.652627008,-8,23,-1,0.017235,0.257468,0.185863
0.326964828,0.694311767,-9,24,1,-0.018236,0.272414,0.210283
0.327833261,0.735996526,-10,25,-1,-0.057943,0.285070,0.234893
0.328701693,0.777681285,-11,26,1,-0.102386,0.294857,0.259532
0.329570126,0.819366044,-12,27,-1,-0.152106,0.301007,0.283921
0.330438558,0.861050803,-13,28,1,-0.207656,0.302502,0.307622
0.331306991,0.902735562,-14,29,-1,-0.269536,0.298012,0.329964
0.332175423,0.944420321,-15,30,1,-0.338085,0.285833,0.349953
0.333043856,0.986105080,-16,31,-1,-0.413290,0.263835,0.366161
0.333478072,0.006947460,8,8,1,-0.453220,0.248371,0.372249
0.334346505,0.048632219,7,9,-1,-0.536853,0.206765,0.378847
0.335214937,0.090316978,6,10,1,-0.623280,0.148535,0.375448
0.336083370,0.132001737,5,11,-1,-0.708043,0.071230,0.358499
0.336951802,0.173686496,4,12,1,-0.784231,-0.026220,0.324324
0.337820234,0.215371255,3,13,-1,-0.842530,-0.142117,0.270071
0.338688667,0.257056014,2,14,1,-0.872399,-0.270621,0.195150
0.339557099,0.298740773,1,15,-1,-0.864756,-0.401289,0.102683
0.340425532,0.340425532,0,16,1,-0.815499,-0.520595,0.000000
0.341293964,0.382110291,-1,17,-1,-0.728012,-0.615496,-0.102683
0.342162397,0.423795050,-2,18,1,-0.612701,-0.677432,-0.195150
0.343030829,0.465479809,-3,19,-1,-0.483563,-0.704429,-0.270071
0.343899262,0.507164568,-4,20,1,-0.353894,-0.700332,-0.324324
0.344767694,0.548849327,-5,21,-1,-0.233428,-0.672242,-0.358499
0.345636127,0.590534086,-6,22,1,-0.127625,-0.627895,-0.375448
0.346504559,0.632218845,-7,23,-1,-0.038425,-0.574009,-0.378847
0.347372992,0.673903604,-8,24,1,0.034519,-0.515659,-0.372249
0.348241424,0.715588363,-9,25,-1,0.092750,-0.456315,-0.358640
0.349109857,0.757273122,-10,26,1,0.138254,-0.398154,-0.340331
0.349978289,0.798957881,-11,27,-1,0.173038,-0.342430,-0.319016
0.350846722,0.840642640,-12,28,1,0.198917,-0.289772,-0.295893
0.351715154,0.882327399,-13,29,-1,0.217446,-0.240419,-0.271780
0.352583587,0.924012158,-14,30,1,0.229907,-0.194374,-0.247223
0.353452019,0.965696917,-15,31,-1,0.237335,-0.151509,-0.222572
0.354754668,0.028224056,8,9,-1,0.240802,-0.092743,-0.185863
0.355623100,0.069908815,7,10,1,0.238890,-0.056930,-0.161721
0.356491533,0.111593574,6,11,-1,0.234138,-0.023555,-0.137889
0.357359965,0.153278333,5,12,1,0.226888,0.007586,-0.114366
0.358228398,0.194963092,4,13,-1,0.217396,0.036670,-0.091125
0.359096830,0.236647851,3,14,1,0.205847,0.063854,-0.068123
0.359965263,0.278332610,2,15,-1,0.192366,0.089267,-0.045309
0.360833695,0.320017369,1,16,1,0.177030,0.113012,-0.022622
0.361702128,0.361702128,0,17,-1,0.159872,0.135163,0.000000
0.362570560,0.403386887,-1,18,1,0.140883,0.155767,0.022622
0.363438993,0.445071646,-2,19,-1,0.120020,0.174839,0.045309
0.364307425,0.486756405,-3,20,1,0.097203,0.192358,0.068123
0.365175858,0.528441164,-4,21,-1,0.072319,0.208269,0.091125
0.366044290,0.570125923,-5,22,1,0.045218,0.222466,0.114366
0.366912723,0.611810682,-6,23,-1,0.015718,0.234794,0.137889
0.367781155,0.653495441,-7,24,1,-0.016403,0.245031,0.161721
0.368649587,0.695180200,-8,25,-1,-0.051399,0.252873,0.185863
0.369518020,0.736864959,-9,26,1,-0.089559,0.257917,0.210283
0.370386452,0.778549718,-10,27,-1,-0.131198,0.259632,0.234893
0.371254885,0.820234477,-11,28,1,-0.176648,0.257331,0.259532
0.372123317,0.861919236,-12,29,-1,-0.226226,0.250127,0.283921
0.372991750,0.903603995,-13,30,1,-0.280197,0.236892,0.307622
0.373860182,0.945288754,-14,31,-1,-0.338692,0.216213,0.329964
0.374728615,0.986973513,-15,32,1,-0.401588,0.186357,0.349953
0.375162831,0.007815892,9,9,-1,-0.434531,0.167357,0.358640
0.376031264,0.049500651,8,10,1,-0.502735,0.119808,0.372249
0.376899696,0.091185410,7,11,-1,-0.572405,0.057584,0.378847
0.377768129,0.132870169,6,12,1,-0.640377,-0.021410,0.375448
0.378636561,0.174554928,5,13,-1,-0.701704,-0.118363,0.358499
0.379504993,0.216239687,4,14,1,-0.749440,-0.232478,0.324324
0.380373426,0.257924446,3,15,-1,-0.775047,-0.359660,0.270071
0.381241858,0.299609205,2,16,1,-0.769906,-0.491489,0.195150
0.382110291,0.341293964,1,17,-1,-0.728012,-0.615496,0.102683
0.382978723,0.382978723,0,18,1,-0.648985,-0.717549,0.000000
0.383847156,0.424663482,-1,19,-1,-0.539534,-0.785964,-0.102683
0.384715588,0.466348241,-2,20,1,-0.411957,-0.815235,-0.195150
0.385584021,0.508033000,-3,21,-1,-0.280275,-0.807155,-0.270071
0.386452453,0.549717759,-4,22,1,-0.156295,-0.768946,-0.324324
0.387320886,0.591402518,-5,23,-1,-0.047531,-0.710027,-0.358499
0.388189318,0.633087277,-6,24,1,0.042796,-0.639304,-0.375448
0.389057751,0.674772036,-7,25,-1,0.114591,-0.563766,-0.378847
0.389926183,0.716456795,-8,26,1,0.169528,-0.488218,-0.372249
0.390794616,0.758141554,-9,27,-1,0.210011,-0.415597,-0.358640
0.391663048,0.799826314,-10,28,1,0.238533,-0.347482,-0.340331
0.392531481,0.841511073,-11,29,-1,0.257358,-0.284548,-0.319016
0.393399913,0.883195832,-12,30,1,0.268406,-0.226923,-0.295893
0.394268346,0.924880591,-13,31,-1,0.273238,-0.174428,-0.271780
0.395136778,0.966565350,-14,32,1,0.273090,-0.126727,-0.247223
0.396439427,0.029092488,9,10,1,0.265586,-0.063292,-0.210283
0.397307859,0.070777247,8,11,-1,0.256748,-0.025829,-0.185863
0.398176292,0.112462006,7,12,1,0.245442,0.008206,-0.161721
0.399044724,0.154146765,6,13,-1,0.232042,0.039141,-0.137889
0.399913157,0.195831524,5,14,1,0.216823,0.067259,-0.114366
0.400781589,0.237516283,4,15,-1,0.199984,0.092802,-0.091125
0.401650022,0.279201042,3,16,1,0.181663,0.115969,-0.068123
0.402518454,0.320885801,2,17,-1,0.161947,0.136918,-0.045309
0.403386887,0.362570560,1,18,1,0.140883,0.155767,-0.022622
0.404255319,0.404255319,0,19,-1,0.118482,0.172598,-0.000000
0.405123752,0.445940078,-1,20,1,0.094724,0.187453,0.022622
0.405992184,0.487624837,-2,21,-1,0.069564,0.200335,0.045309
0.406860617,0.529309596,-3,22,1,0.042929,0.211204,0.068123
0.407729049,0.570994355,-4,23,-1,0.014726,0.219975,0.091125
0.408597482,0.612679114,-5,24,1,-0.015163,0.226508,0.114366
0.409465914,0.654363873,-6,25,-1,-0.046872,0.230604,0.137889
0.410334347,0.696048632,-7,26,1,-0.080556,0.231991,0.161721
0.411202779,0.737733391,-8,27,-1,-0.116380,0.230309,0.185863
0.412071211,0.779418150,-9,28,1,-0.154517,0.225092,0.210283
0.412939644,0.821102909,-10,29,-1,-0.195130,0.215746,0.234893
0.413808076,0.862787668,-11,30,1,-0.238357,0.201518,0.259532
0.414676509,0.904472427,-12,31,-1,-0.284270,0.181471,0.283921
0.415544941,0.946157186,-13,32,1,-0.332827,0.154448,0.307622
0.416413374,0.987841945,-14,33,-1,-0.383781,0.119050,0.329964
0.416847590,0.008684325,10,10,1,-0.409994,0.097706,0.340331
0.417716023,0.050369084,9,11,-1,-0.463307,0.046609,0.358640
0.418584455,0.092053843,8,12,1,-0.516525,-0.017269,0.372249
0.419452888,0.133738602,7,13,-1,-0.567280,-0.095688,0.378847
0.420321320,0.175423361,6,14,1,-0.611967,-0.189834,0.375448
0.421189752,0.217108120,5,15,-1,-0.645501,-0.299544,0.358499
0.422058185,0.258792879,4,16,1,-0.661392,-0.422217,0.324324
0.422926617,0.300477638,3,17,-1,-0.652489,-0.551645,0.270071
0.423795050,0.342162397,2,18,1,-0.612701,-0.677432,0.195150
0.424663482,0.383847156,1,19,-1,-0.539534,-0.785964,0.102683
0.425531915,0.425531915,0,20,1,-0.436353,-0.863513,0.000000
0.426400347,0.467216674,-1,21,-1,-0.312716,-0.900580,-0.102683
0.427268780,0.508901433,-2,22,1,-0.181938,-0.895106,-0.195150
0.428137212,0.550586192,-3,23,-1,-0.057070,-0.852524,-0.270071
0.429005645,0.592270951,-4,24,1,0.052410,-0.782917,-0.324324
0.429874077,0.633955710,-5,25,-1,0.141744,-0.697357,-0.358499
0.430742510,0.675640469,-6,26,1,0.210177,-0.605282,-0.375448
0.431610942,0.717325228,-7,27,-1,0.259463,-0.513461,-0.378847
0.432479375,0.759009987,-8,28,1,0.292489,-0.426083,-0.372249
0.433347807,0.800694746,-9,29,-1,0.312348,-0.345347,-0.358640
0.434216240,0.842379505,-10,30,1,0.321860,-0.272116,-0.340331
0.435084672,0.884064264,-11,31,-1,0.323390,-0.206445,-0.319016
0.435953105,0.925749023,-12,32,1,0.318822,-0.147949,-0.295893
0.436821537,0.967433782,-13,33,-1,0.309613,-0.096043,-0.271780
0.438124186,0.029960921,10,11,-1,0.289438,-0.029118,-0.234893
0.438992618,0.071645680,9,12,1,0.272871,0.009123,-0.210283
0.439861051,0.113330439,8,13,-1,0.254449,0.042920,-0.185863
0.440729483,0.155015198,7,14,1,0.234554,0.072759,-0.161721
0.441597916,0.196699957,6,15,-1,0.213457,0.099054,-0.137889
0.442466348,0.238384716,5,16,1,0.191349,0.122153,-0.114366
0.443334781,0.280069475,4,17,-1,0.168360,0.142340,-0.091125
0.444203213,0.321754234,3,18,1,0.144570,0.159843,-0.068123
0.445071646,0.363438993,2,19,-1,0.120020,0.174839,-0.045309
0.445940078,0.405123752,1,20,1,0.094724,0.187453,-0.022622
0.446808511,0.446808511,0,21,-1,0.068673,0.197768,-0.000000
0.447676943,0.488493270,-1,22,1,0.041834,0.205819,0.022622
0.448545376,0.530178029,-2,23,-1,0.014165,0.211596,0.045309
0.449413808,0.571862788,-3,24,1,-0.014395,0.215042,0.068123
0.450282241,0.613547547,-4,25,-1,-0.043914,0.216049,0.091125
0.451150673,0.655232306,-5,26,1,-0.074467,0.214454,0.114366
0.452019106,0.696917065,-6,27,-1,-0.106132,0.210027,0.137889
0.452887538,0.738601824,-7,28,1,-0.138985,0.202466,0.161721
0.453755970,0.780286583,-8,29,-1,-0.173092,0.191379,0.185863
0.454624403,0.821971342,-9,30,1,-0.208495,0.176272,0.210283
0.455492835,0.863656101,-10,31,-1,-0.245196,0.156527,0.234893
0.456361268,0.905340860,-11,32,1,-0.283128,0.131385,0.259532
0.457229700,0.947025619,-12,33,-1,-0.322114,0.099921,0.283921
0.458098133,0.988710378,-13,34,1,-0.361806,0.061029,0.307622
0.458532349,0.009552757,11,11,-1,-0.381740,0.038403,0.319016
0.459400782,0.051237516,10,12,1,-0.421240,-0.014084,0.340331
0.460269214,0.092922275,9,13,-1,-0.459159,-0.077450,0.358640
0.461137647,0.134607034,8,14,1,-0.493610,-0.153119,0.372249
0.462006079,0.176291793,7,15,-1,-0.521844,-0.242161,0.378847
0.462874512,0.217976552,6,16,1,-0.540070,-0.344768,0.375448
0.463742944,0.259661311,5,17,-1,-0.543427,-0.459439,0.358499
0.464611376,0.301346070,4,18,1,-0.526344,-0.581952,0.324324
0.465479809,0.343030829,3,19,-1,-0.483563,-0.704429,0.270071
0.466348241,0.384715588,2,20,1,-0.411957,-0.815235,0.195150
0.467216674,0.426400347,1,21,-1,-0.312716,-0.900580,0.102683
0.468085106,0.468085106,0,22,1,-0.192713,-0.948114,0.000000
0.468953539,0.509769865,-1,23,-1,-0.063675,-0.951200,-0.102683
0.469821971,0.551454624,-2,24,1,0.061009,-0.911369,-0.195150
0.470690404,0.593139383,-3,25,-1,0.170191,-0.837310,-0.270071
0.471558836,0.634824142,-4,26,1,0.257391,-0.741253,-0.324324
0.472427269,0.676508901,-5,27,-1,0.320946,-0.635131,-0.358499
0.473295701,0.718193660,-6,28,1,0.362622,-0.528248,-0.375448
0.474164134,0.759878419,-7,29,-1,0.385899,-0.426668,-0.378847
0.475032566,0.801563178,-8,30,1,0.394666,-0.333669,-0.372249
0.475900999,0.843247937,-9,31,-1,0.392489,-0.250556,-0.358640
0.476769431,0.884932696,-10,32,1,0.382316,-0.177414,-0.340331
0.477637864,0.926617455,-11,33,-1,0.366442,-0.113671,-0.319016
0.478506296,0.968302215,-12,34,1,0.346581,-0.058461,-0.295893
0.479808945,0.030829353,11,12,1,0.311953,0.010430,-0.259532
0.480677377,0.072514112,10,13,-1,0.286846,0.048385,-0.234893
0.481545810,0.114198871,9,14,1,0.260766,0.080890,-0.210283
0.482414242,0.155883630,8,15,-1,0.234069,0.108620,-0.185863
0.483282675,0.197568389,7,16,1,0.206997,0.132142,-0.161721
0.484151107,0.239253148,6,17,-1,0.179703,0.151929,-0.137889
0.485019540,0.280937907,5,18,1,0.152278,0.168366,-0.114366
0.485887972,0.322622666,4,19,-1,0.124773,0.181762,-0.091125
0.486756405,0.364307425,3,20,1,0.097203,0.192358,-0.068123
0.487624837,0.405992184,2,21,-1,0.069564,0.200335,-0.045309
0.488493270,0.447676943,1,22,1,0.041834,0.205819,-0.022622
0.489361702,0.489361702,0,23,-1,0.013983,0.208884,-0.000000
0.490230135,0.531046461,-1,24,1,-0.014028,0.209558,0.022622
0.491098567,0.572731220,-2,25,-1,-0.042241,0.207820,0.045309
0.491967000,0.614415979,-3,26,1,-0.070697,0.203598,0.068123
0.492835432,0.656100738,-4,27,-1,-0.099433,0.196771,0.091125
0.493703865,0.697785497,-5,28,1,-0.128479,0.187161,0.114366
0.494572297,0.739470256,-6,29,-1,-0.157849,0.174525,0.137889
0.495440729,0.781155015,-7,30,1,-0.187537,0.158553,0.161721
0.496309162,0.822839774,-8,31,-1,-0.217503,0.138849,0.185863
0.497177594,0.864524533,-9,32,1,-0.247657,0.114925,0.210283
0.498046027,0.906209292,-10,33,-1,-0.277838,0.086186,0.234893
0.498914459,0.947894051,-11,34,1,-0.307780,0.051916,0.259532
0.499782892,0.989578810,-12,35,-1,-0.337068,0.011269,0.283921
0.500217108,0.010421190,12,12,1,-0.351281,-0.011745,0.295893
0.501085541,0.052105949,11,13,-1,-0.378323,-0.063815,0.319016
0.501953973,0.093790708,10,14,1,-0.402552,-0.124873,0.340331
0.502822406,0.135475467,9,15,-1,-0.422383,-0.196006,0.358640
0.503690838,0.177160226,8,16,1,-0.435618,-0.278088,0.372249
0.504559271,0.218844985,7,17,-1,-0.439325,-0.371426,0.378847
0.505427703,0.260529744,6,18,1,-0.429795,-0.475202,0.375448
0.506296135,0.302214503,5,19,-1,-0.402737,-0.586686,0.358499
0.507164568,0.343899262,4,20,1,-0.353894,-0.700332,0.324324
0.508033000,0.385584021,3,21,-1,-0.280275,-0.807155,0.270071
0.508901433,0.427268780,2,22,1,-0.181938,-0.895106,0.195150
0.509769865,0.468953539,1,23,-1,-0.063675,-0.951200,0.102683
0.510638298,0.510638298,0,24,1,0.064622,-0.965340,0.000000
0.511506730,0.552323057,-1,25,-1,0.189890,-0.934226,-0.102683
0.512375163,0.594007816,-2,26,1,0.299621,-0.862869,-0.195150
0.513243595,0.635692575,-3,27,-1,0.385357,-0.762596,-0.270071
0.514112028,0.677377334,-4,28,1,0.444081,-0.646914,-0.324324
0.514980460,0.719062093,-5,29,-1,0.477341,-0.527772,-0.358499
0.515848893,0.760746852,-6,30,1,0.489298,-0.413676,-0.375448
0.516717325,0.802431611,-7,31,-1,0.484911,-0.309556,-0.378847
0.517585758,0.844116370,-8,32,1,0.468797,-0.217545,-0.372249
0.518454190,0.885801129,-9,33,-1,0.444739,-0.137959,-0.358640
0.519322623,0.927485888,-10,34,1,0.415604,-0.070104,-0.340331
0.520191055,0.969170647,-11,35,-1,0.383453,-0.012820,-0.319016
0.521493704,0.031697785,12,13,-1,0.332558,0.056096,-0.283921
0.522362136,0.073382545,11,14,1,0.298114,0.092476,-0.259532
0.523230569,0.115067304,10,15,-1,0.263871,0.122449,-0.234893
0.524099001,0.156752063,9,16,1,0.230130,0.146909,-0.210283
0.524967434,0.198436822,8,17,-1,0.197056,0.166600,-0.185863
0.525835866,0.240121581,7,18,1,0.164731,0.182135,-0.161721
0.526704299,0.281806340,6,19,-1,0.133179,0.194008,-0.137889
0.527572731,0.323491099,5,20,1,0.102386,0.202615,-0.114366
0.528441164,0.365175858,4,21,-1,0.072319,0.208269,-0.091125
0.529309596,0.406860617,3,22,1,0.042929,0.211204,-0.068123
0.530178029,0.448545376,2,23,-1,0.014165,0.211596,-0.045309
0.531046461,0.490230135,1,24,1,-0.014028,0.209558,-0.022622
0.531914894,0.531914894,0,25,-1,-0.041700,0.205157,-0.000000
0.532783326,0.573599653,-1,26,1,-0.068894,0.198406,0.022622
0.533651759,0.615284412,-2,27,-1,-0.095645,0.189276,0.045309
0.534520191,0.656969171,-3,28,1,-0.121975,0.177686,0.068123
0.535388624,0.698653930,-4,29,-1,-0.147886,0.163510,0.091125
0.536257056,0.740338689,-5,30,1,-0.173361,0.146567,0.114366
0.537125488,0.782023448,-6,31,-1,-0.198349,0.126621,0.137889
0.537993921,0.823708207,-7,32,1,-0.222763,0.103373,0.161721
0.538862353,0.865392966,-8,33,-1,-0.246458,0.076452,0.185863
0.539730786,0.907077725,-9,34,1,-0.269221,0.045412,0.210283
0.540599218,0.948762484,-10,35,-1,-0.290736,0.009720,0.234893
0.541467651,0.990447243,-11,36,1,-0.310560,-0.031243,0.259532
0.541901867,0.011289622,13,13,-1,-0.319651,-0.053918,0.271780
0.542770300,0.052974381,12,14,1,-0.335697,-0.104134,0.295893
0.543638732,0.094659140,11,15,-1,-0.348021,-0.161499,0.319016
0.544507165,0.136343899,10,16,1,-0.355258,-0.226788,0.340331
0.545375597,0.178028658,9,17,-1,-0.355591,-0.300634,0.358640
0.546244030,0.219713417,8,18,1,-0.346671,-0.383296,0.372249
0.547112462,0.261398176,7,19,-1,-0.325586,-0.474296,0.378847
0.547980894,0.303082935,6,20,1,-0.288978,-0.571868,0.375448
0.548849327,0.344767694,5,21,-1,-0.233428,-0.672242,0.358499
0.549717759,0.386452453,4,22,1,-0.156295,-0.768946,0.324324
0.550586192,0.428137212,3,23,-1,-0.057070,-0.852524,0.270071
0.551454624,0.469821971,2,24,1,0.061009,-0.911369,0.195150
0.552323057,0.511506730,1,25,-1,0.189890,-0.934226,0.102683
0.553191489,0.553191489,0,26,1,0.317364,-0.913968,0.000000
0.554059922,0.594876248,-1,27,-1,0.429961,-0.850864,-0.102683
0.554928354,0.636561007,-2,28,1,0.516941,-0.753053,-0.195150
0.555796787,0.678245766,-3,29,-1,0.573140,-0.633691,-0.270071
0.556665219,0.719930525,-4,30,1,0.599215,-0.506604,-0.324324
0.557533652,0.761615284,-5,31,-1,0.599816,-0.382908,-0.358499
0.558402084,0.803300043,-6,32,1,0.581204,-0.269707,-0.375448
0.559270517,0.844984802,-7,33,-1,0.549465,-0.170446,-0.378847
0.560138949,0.886669561,-8,34,1,0.509614,-0.085961,-0.372249
0.561007382,0.928354320,-9,35,-1,0.465385,-0.015560,-0.358640
0.561875814,0.970039079,-10,36,1,0.419358,0.042188,-0.340331
0.563178463,0.032566218,13,14,1,0.350443,0.108709,-0.307622
0.564046895,0.074250977,12,15,-1,0.305922,0.141963,-0.283921
0.564915328,0.115935736,11,16,1,0.263090,0.167950,-0.259532
0.565783760,0.157620495,10,17,-1,0.222145,0.187812,-0.234893
0.566652193,0.199305254,9,18,1,0.183140,0.202489,-0.210283
0.567520625,0.240990013,8,19,-1,0.146039,0.212742,-0.185863
0.568389058,0.282674772,7,20,1,0.110759,0.219184,-0.161721
0.569257490,0.324359531,6,21,-1,0.077191,0.222299,-0.137889
0.570125923,0.366044290,5,22,1,0.045218,0.222466,-0.114366
0.570994355,0.407729049,4,23,-1,0.014726,0.219975,-0.091125
0.571862788,0.449413808,3,24,1,-0.014395,0.215042,-0.068123
0.572731220,0.491098567,2,25,-1,-0.042241,0.207820,-0.045309
0.573599653,0.532783326,1,26,1,-0.068894,0.198406,-0.022622
0.574468085,0.574468085,0,27,-1,-0.094420,0.186850,-0.000000
0.575336518,0.616152844,-1,28,1,-0.118864,0.173155,0.022622
0.576204950,0.657837603,-2,29,-1,-0.142253,0.157282,0.045309
0.577073383,0.699522362,-3,30,1,-0.164585,0.139148,0.068123
0.577941815,0.741207121,-4,31,-1,-0.185830,0.118630,0.091125
0.578810248,0.782891880,-5,32,1,-0.205923,0.095559,0.114366
0.579678680,0.824576639,-6,33,-1,-0.224755,0.069720,0.137889
0.580547112,0.866261398,-7,34,1,-0.242159,0.040847,0.161721
0.581415545,0.907946157,-8,35,-1,-0.257900,0.008623,0.185863
0.582283977,0.949630916,-9,36,1,-0.271652,-0.027328,0.210283
0.583152410,0.991315675,-10,37,-1,-0.282974,-0.067436,0.234893
0.583586626,0.012158055,14,14,1,-0.287545,-0.089197,0.247223
0.584455059,0.053842814,13,15,-1,-0.294049,-0.136453,0.271780
0.585323491,0.095527573,12,16,1,-0.296257,-0.189124,0.295893
0.586191924,0.137212332,11,17,-1,-0.292988,-0.247706,0.319016
0.587060356,0.178897091,10,18,1,-0.282719,-0.312588,0.340331
0.587928789,0.220581850,9,19,-1,-0.263531,-0.383897,0.358640
0.588797221,0.262266609,8,20,1,-0.233088,-0.461266,0.372249
0.589665653,0.303951368,7,21,-1,-0.188711,-0.543463,0.378847
0.590534086,0.345636127,6,22,1,-0.127625,-0.627895,0.375448
0.591402518,0.387320886,5,23,-1,-0.047531,-0.710027,0.358499
0.592270951,0.429005645,4,24,1,0.052410,-0.782917,0.324324
0.593139383,0.470690404,3,25,-1,0.170191,-0.837310,0.270071
0.594007816,0.512375163,2,26,1,0.299621,-0.862869,0.195150
0.594876248,0.554059922,1,27,-1,0.429961,-0.850864,0.102683
0.595744681,0.595744681,0,28,1,0.547554,-0.797648,0.000000
0.596613113,0.637429440,-1,29,-1,0.639478,-0.707038,-0.102683
0.597481546,0.679114199,-2,30,1,0.697527,-0.589722,-0.195150
0.598349978,0.720798958,-3,31,-1,0.720194,-0.459755,-0.270071
0.599218411,0.762483717,-4,32,1,0.711767,-0.330295,-0.324324
0.600086843,0.804168476,-5,33,-1,0.679667,-0.210835,-0.358499
0.600955276,0.845853235,-6,34,1,0.631809,-0.106573,-0.375448
0.601823708,0.887537994,-7,35,-1,0.574973,-0.019223,-0.378847
0.602692141,0.929222753,-8,36,1,0.514218,0.051731,-0.372249
0.603560573,0.970907512,-9,37,-1,0.452961,0.107946,-0.358640
0.604863222,0.033434650,14,15,-1,0.364489,0.169141,-0.329964
0.605731654,0.075119409,13,16,1,0.309272,0.197432,-0.307622
0.606600087,0.116804168,12,17,-1,0.257546,0.217742,-0.283921
0.607468519,0.158488927,11,18,1,0.209370,0.231490,-0.259532
0.608336952,0.200173686,10,19,-1,0.164633,0.239829,-0.234893
0.609205384,0.241858446,9,20,1,0.123136,0.243679,-0.210283
0.610073817,0.283543205,8,21,-1,0.084645,0.243766,-0.185863
0.610942249,0.325227964,7,22,1,0.048916,0.240658,-0.161721
0.611810682,0.366912723,6,23,-1,0.015718,0.234794,-0.137889
0.612679114,0.408597482,5,24,1,-0.015163,0.226508,-0.114366
0.613547547,0.450282241,4,25,-1,-0.043914,0.216049,-0.091125
0.614415979,0.491967000,3,26,1,-0.070697,0.203598,-0.068123
0.615284412,0.533651759,2,27,-1,-0.095645,0.189276,-0.045309
0.616152844,0.575336518,1,28,1,-0.118864,0.173155,-0.022622
0.617021277,0.617021277,0,29,-1,-0.140430,0.155266,-0.000000
0.617889709,0.658706036,-1,30,1,-0.160388,0.135599,0.022622
0.618758142,0.700390795,-2,31,-1,-0.178751,0.114111,0.045309
0.619626574,0.742075554,-3,32,1,-0.195499,0.090721,0.068123
0.620495007,0.783760313,-4,33,-1,-0.210569,0.065319,0.091125
0.621363439,0.825445072,-5,34,1,-0.223853,0.037759,0.114366
0.622231871,0.867129831,-6,35,-1,-0.235188,0.007863,0.137889
0.623100304,0.908814590,-7,36,1,-0.244346,-0.024581,0.161721
0.623968736,0.950499349,-8,37,-1,-0.251014,-0.059820,0.185863
0.624837169,0.992184108,-9,38,1,-0.254780,-0.098127,0.210283
0.625271385,0.013026487,15,15,-1,-0.255412,-0.118524,0.222572
0.626139818,0.054711246,14,16,1,-0.253763,-0.161996,0.247223
0.627008250,0.096396005,13,17,-1,-0.247551,-0.209291,0.271780
0.627876683,0.138080764,12,18,1,-0.235765,-0.260674,0.295893
0.628745115,0.179765523,11,19,-1,-0.217135,-0.316311,0.319016
0.629613548,0.221450282,10,20,1,-0.190090,-0.376174,0.340331
0.630481980,0.263135041,9,21,-1,-0.152743,-0.439881,0.358640
0.631350413,0.304819800,8,22,1,-0.102942,-0.506457,0.372249
0.632218845,0.346504559,7,23,-1,-0.038425,-0.574009,0.378847
0.633087277,0.388189318,6,24,1,0.042796,-0.639304,0.375448
0.633955710,0.429874077,5,25,-1,0.141744,-0.697357,0.358499
0.634824142,0.471558836,4,26,1,0.257391,-0.741253,0.324324
0.635692575,0.513243595,3,27,-1,0.385357,-0.762596,0.270071
0.636561007,0.554928354,2,28,1,0.516941,-0.753053,0.195150
0.637429440,0.596613113,1,29,-1,0.639478,-0.707038,0.102683
0.638297872,0.638297872,0,30,1,0.738834,-0.624645,0.000000
0.639166305,0.679982631,-1,31,-1,0.803553,-0.512969,-0.102683
0.640034737,0.721667390,-2,32,1,0.828545,-0.384486,-0.195150
0.640903170,0.763352149,-3,33,-1,0.816070,-0.253147,-0.270071
0.641771602,0.805036908,-4,34,1,0.773739,-0.130514,-0.324324
0.642640035,0.846721667,-5,35,-1,0.711219,-0.023779,-0.358499
0.643508467,0.888406426,-6,36,1,0.637517,0.064135,-0.375448
0.644376900,0.930091185,-7,37,-1,0.559622,0.133365,-0.378847
0.645245332,0.971775944,-8,38,1,0.482280,0.185747,-0.372249
0.646547981,0.034303083,15,16,1,0.373166,0.238220,-0.349953
0.647416413,0.075987842,14,17,-1,0.306852,0.259427,-0.329964
0.648284846,0.117672601,13,18,1,0.246122,0.272125,-0.307622
0.649153278,0.159357360,12,19,-1,0.190869,0.278048,-0.283921
0.650021711,0.201042119,11,20,1,0.140773,0.278580,-0.259532
0.650890143,0.242726878,10,21,-1,0.095422,0.274803,-0.234893
0.651758576,0.284411637,9,22,1,0.054382,0.267553,-0.210283
0.652627008,0.326096396,8,23,-1,0.017235,0.257468,-0.185863
0.653495441,0.367781155,7,24,1,-0.016403,0.245031,-0.161721
0.654363873,0.409465914,6,25,-1,-0.046872,0.230604,-0.137889
0.655232306,0.451150673,5,26,1,-0.074467,0.214454,-0.114366
0.656100738,0.492835432,4,27,-1,-0.099433,0.196771,-0.091125
0.656969171,0.534520191,3,28,1,-0.121975,0.177686,-0.068123
0.657837603,0.576204950,2,29,-1,-0.142253,0.157282,-0.045309
0.658706036,0.617889709,1,30,1,-0.160388,0.135599,-0.022622
0.659574468,0.659574468,0,31,-1,-0.176461,0.112648,-0.000000
0.660442901,0.701259227,-1,32,1,-0.190514,0.088408,0.022622
0.661311333,0.742943986,-2,33,-1,-0.202548,0.062831,0.045309
0.662179766,0.784628745,-3,34,1,-0.212521,0.035848,0.068123
0.663048198,0.826313504,-4,35,-1,-0.220344,0.007367,0.091125
0.663916630,0.867998263,-5,36,1,-0.225875,-0.022723,0.114366
0.664785063,0.909683022,-6,37,-1,-0.228909,-0.054552,0.137889
0.665653495,0.951367781,-7,38,1,-0.229170,-0.088263,0.161721
0.666521928,0.993052540,-8,39,-1,-0.226292,-0.124011,0.185863
0.666956144,0.013894920,16,16,1,-0.223533,-0.142698,0.198042
0.667824577,0.055579679,15,17,-1,-0.215023,-0.181791,0.222572
0.668693009,0.097264438,14,18,1,-0.201948,-0.223283,0.247223
0.669561442,0.138949197,13,19,-1,-0.183461,-0.267257,0.271780
0.670429874,0.180633956,12,20,1,-0.158520,-0.313700,0.295893
0.671298307,0.222318715,11,21,-1,-0.125852,-0.362439,0.319016
0.672166739,0.264003474,10,22,1,-0.083952,-0.413029,0.340331
0.673035172,0.305688233,9,23,-1,-0.031102,-0.464606,0.358640
0.673903604,0.347372992,8,24,1,0.034519,-0.515659,0.372249
0.674772036,0.389057751,7,25,-1,0.114591,-0.563766,0.378847
0.675640469,0.430742510,6,26,1,0.210177,-0.605282,0.375448
0.676508901,0.472427269,5,27,-1,0.320946,-0.635131,0.358499
0.677377334,0.514112028,4,28,1,0.444081,-0.646914,0.324324
0.678245766,0.555796787,3,29,-1,0.573140,-0.633691,0.270071
0.679114199,0.597481546,2,30,1,0.697527,-0.589722,0.195150
0.679982631,0.639166305,1,31,-1,0.803553,-0.512969,0.102683
0.680851064,0.680851064,0,32,1,0.877611,-0.407255,0.000000
0.681719496,0.722535823,-1,33,-1,0.910527,-0.282448,-0.102683
0.682587929,0.764220582,-2,34,1,0.900686,-0.151927,-0.195150
0.683456361,0.805905341,-3,35,-1,0.853955,-0.028551,-0.270071
0.684324794,0.847590100,-4,36,1,0.780729,0.078542,-0.324324
0.685193226,0.889274859,-5,37,-1,0.692231,0.164967,-0.358499
0.686061659,0.930959618,-6,38,1,0.597921,0.230285,-0.375448
0.686930091,0.972644377,-7,39,-1,0.504504,0.276476,-0.378847
0.688232740,0.035171515,16,17,-1,0.374437,0.316567,-0.366161
0.689101172,0.076856274,15,18,1,0.296970,0.328345,-0.349953
0.689969605,0.118541033,14,19,-1,0.227410,0.331278,-0.329964
0.690838037,0.160225792,13,20,1,0.165483,0.327480,-0.307622
0.691706470,0.201910551,12,21,-1,0.110628,0.318595,-0.283921
0.692574902,0.243595310,11,22,1,0.062171,0.305873,-0.259532
0.693443335,0.285280069,10,23,-1,0.019430,0.290249,-0.234893
0.694311767,0.326964828,9,24,1,-0.018236,0.272414,-0.210283
0.695180200,0.368649587,8,25,-1,-0.051399,0.252873,-0.185863
0.696048632,0.410334347,7,26,1,-0.080556,0.231991,-0.161721
0.696917065,0.452019106,6,27,-1,-0.106132,0.210027,-0.137889
0.697785497,0.493703865,5,28,1,-0.128479,0.187161,-0.114366
0.698653930,0.535388624,4,29,-1,-0.147886,0.163510,-0.091125
0.699522362,0.577073383,3,30,1,-0.164585,0.139148,-0.068123
0.700390795,0.618758142,2,31,-1,-0.178751,0.114111,-0.045309
0.701259227,0.660442901,1,32,1,-0.190514,0.088408,-0.022622
0.702127660,0.702127660,0,33,-1,-0.199952,0.062026,-0.000000
0.702996092,0.743812419,-1,34,1,-0.207102,0.034934,0.022622
0.703864525,0.785497178,-2,35,-1,-0.211951,0.007086,0.045309
0.704732957,0.827181937,-3,36,1,-0.214441,-0.021573,0.068123
0.705601389,0.868866696,-4,37,-1,-0.214461,-0.051109,0.091125
0.706469822,0.910551455,-5,38,1,-0.211846,-0.081591,0.114366
0.707338254,0.952236214,-6,39,-1,-0.206364,-0.113090,0.137889
0.708206687,0.993920973,-7,40,1,-0.197709,-0.145673,0.161721
0.708640903,0.014763352,17,17,-1,-0.192072,-0.162387,0.173754
0.709509336,0.056448111,16,18,1,-0.177890,-0.196684,0.198042
0.710377768,0.098132870,15,19,-1,-0.159355,-0.232140,0.222572
0.711246201,0.139817629,14,20,1,-0.135782,-0.268703,0.247223
0.712114633,0.181502388,13,21,-1,-0.106335,-0.306230,0.271780
0.712983066,0.223187147,12,22,1,-0.070009,-0.344434,0.295893
0.713851498,0.264871906,11,23,-1,-0.025626,-0.382810,0.319016
0.714719931,0.306556665,10,24,1,0.028151,-0.420534,0.340331
0.715588363,0.348241424,9,25,-1,0.092750,-0.456315,0.358640
0.716456795,0.389926183,8,26,1,0.169528,-0.488218,0.372249
0.717325228,0.431610942,7,27,-1,0.259463,-0.513461,0.378847
0.718193660,0.473295701,6,28,1,0.362622,-0.528248,0.375448
0.719062093,0.514980460,5,29,-1,0.477341,-0.527772,0.358499
0.719930525,0.556665219,4,30,1,0.599215,-0.506604,0.324324
0.720798958,0.598349978,3,31,-1,0.720194,-0.459755,0.270071
0.721667390,0.640034737,2,32,1,0.828545,-0.384486,0.195150
0.722535823,0.681719496,1,33,-1,0.910527,-0.282448,0.102683
0.723404255,0.723404255,0,34,1,0.954024,-0.160924,0.000000
0.724272688,0.765089014,-1,35,-1,0.952796,-0.031855,-0.102683
0.725141120,0.806773773,-2,36,1,0.908822,0.091428,-0.195150
0.726009553,0.848458532,-3,37,-1,0.831156,0.198075,-0.270071
0.726877985,0.890143291,-4,38,1,0.732238,0.282016,-0.324324
0.727746418,0.931828050,-5,39,-1,0.624052,0.341990,-0.358499
0.728614850,0.973512809,-6,40,1,0.515836,0.380071,-0.375448
0.729917499,0.036039948,17,18,1,0.365672,0.404305,-0.376595
0.730785931,0.077724707,16,19,-1,0.277498,0.404244,-0.366161
0.731654364,0.119409466,15,20,1,0.199672,0.395137,-0.349953
0.732522796,0.161094225,14,21,-1,0.131807,0.379588,-0.329964
0.733391229,0.202778984,13,22,1,0.073085,0.359565,-0.307622
0.734259661,0.244463743,12,23,-1,0.022526,0.336503,-0.283921
0.735128094,0.286148502,11,24,1,-0.020848,0.311431,-0.259532
0.735996526,0.327833261,10,25,-1,-0.057943,0.285070,-0.234893
0.736864959,0.369518020,9,26,1,-0.089559,0.257917,-0.210283
0.737733391,0.411202779,8,27,-1,-0.116380,0.230309,-0.185863
0.738601824,0.452887538,7,28,1,-0.138985,0.202466,-0.161721
0.739470256,0.494572297,6,29,-1,-0.157849,0.174525,-0.137889
0.740338689,0.536257056,5,30,1,-0.173361,0.146567,-0.114366
0.741207121,0.577941815,4,31,-1,-0.185830,0.118630,-0.091125
0.742075554,0.619626574,3,32,1,-0.195499,0.090721,-0.068123
0.742943986,0.661311333,2,33,-1,-0.202548,0.062831,-0.045309
0.743812419,0.702996092,1,34,1,-0.207102,0.034934,-0.022622
0.744680851,0.744680851,0,35,-1,-0.209235,0.006995,-0.000000
0.745549284,0.786365610,-1,36,1,-0.208972,-0.021023,0.022622
0.746417716,0.828050369,-2,37,-1,-0.206292,-0.049162,0.045309
0.747286149,0.869735128,-3,38,1,-0.201122,-0.077461,0.068123
0.748154581,0.911419887,-4,39,-1,-0.193339,-0.105953,0.091125
0.749023013,0.953104646,-5,40,1,-0.182763,-0.134661,0.114366
0.749891446,0.994789405,-6,41,-1,-0.169154,-0.163593,0.137889
0.750325662,0.015631785,18,18,1,-0.161116,-0.178138,0.149766
0.751194095,0.057316544,17,19,-1,-0.142346,-0.207362,0.173754
0.752062527,0.099001303,16,20,1,-0.119607,-0.236694,0.198042
0.752930960,0.140686062,15,21,-1,-0.092363,-0.265993,0.222572
0.753799392,0.182370821,14,22,1,-0.059967,-0.295029,0.247223
0.754667825,0.224055580,13,23,-1,-0.021652,-0.323443,0.271780
0.755536257,0.265740339,12,24,1,0.023476,-0.350692,0.295893
0.756404690,0.307425098,11,25,-1,0.076421,-0.375979,0.319016
0.757273122,0.349109857,10,26,1,0.138254,-0.398154,0.340331
0.758141554,0.390794616,9,27,-1,0.210011,-0.415597,0.358640
0.759009987,0.432479375,8,28,1,0.292489,-0.426083,0.372249
0.759878419,0.474164134,7,29,-1,0.385899,-0.426668,0.378847
0.760746852,0.515848893,6,30,1,0.489298,-0.413676,0.375448
0.761615284,0.557533652,5,31,-1,0.599816,-0.382908,0.358499
0.762483717,0.599218411,4,32,1,0.711767,-0.330295,0.324324
0.763352149,0.640903170,3,33,-1,0.816070,-0.253147,0.270071
0.764220582,0.682587929,2,34,1,0.900686,-0.151927,0.195150
0.765089014,0.724272688,1,35,-1,0.952796,-0.031855,0.102683
0.765957447,0.765957447,0,36,1,0.962642,0.096843,0.000000
0.766825879,0.807642206,-1,37,-1,0.927359,0.221001,-0.102683
0.767694312,0.849326965,-2,38,1,0.852376,0.328286,-0.195150
0.768562744,0.891011724,-3,39,-1,0.749294,0.410624,-0.270071
0.769431177,0.932696483,-4,40,1,0.631714,0.465450,-0.324324
0.770299609,0.974381242,-5,41,-1,0.511527,0.494710,-0.358499
0.771602258,0.036908380,18,19,-1,0.343646,0.500605,-0.378609
0.772470690,0.078593139,17,20,1,0.245864,0.486549,-0.376595
0.773339123,0.120277898,16,21,-1,0.160839,0.463194,-0.366161
0.774207555,0.161962657,15,22,1,0.088184,0.433849,-0.349953
0.775075988,0.203647416,14,23,-1,0.026839,0.400924,-0.329964
0.775944420,0.245332175,13,24,1,-0.024507,0.366098,-0.307622
0.776812853,0.287016934,12,25,-1,-0.067177,0.330498,-0.283921
0.777681285,0.328701693,11,26,1,-0.102386,0.294857,-0.259532
0.778549718,0.370386452,10,27,-1,-0.131198,0.259632,-0.234893
0.779418150,0.412071211,9,28,1,-0.154517,0.225092,-0.210283
0.780286583,0.453755970,8,29,-1,-0.173092,0.191379,-0.185863
0.781155015,0.495440729,7,30,1,-0.187537,0.158553,-0.161721
0.782023448,0.537125488,6,31,-1,-0.198349,0.126621,-0.137889
0.782891880,0.578810248,5,32,1,-0.205923,0.095559,-0.114366
0.783760313,0.620495007,4,33,-1,-0.210569,0.065319,-0.091125
0.784628745,0.662179766,3,34,1,-0.212521,0.035848,-0.068123
0.785497178,0.703864525,2,35,-1,-0.211951,0.007086,-0.045309
0.786365610,0.745549284,1,36,1,-0.208972,-0.021023,-0.022622
0.787234043,0.787234043,0,37,-1,-0.203649,-0.048532,-0.000000
0.788102475,0.828918802,-1,38,1,-0.195993,-0.075485,0.022622
0.788970908,0.870603561,-2,39,-1,-0.185974,-0.101917,0.045309
0.789839340,0.912288320,-3,40,1,-0.173511,-0.127844,0.068123
0.790707772,0.953973079,-4,41,-1,-0.158477,-0.153267,0.091125
0.791576205,0.995657838,-5,42,1,-0.140693,-0.178161,0.114366
0.792010421,0.016500217,19,19,-1,-0.130698,-0.190394,0.126090
0.792878854,0.058184976,18,20,1,-0.108329,-0.214375,0.149766
0.793747286,0.099869735,17,21,-1,-0.082504,-0.237601,0.173754
0.794615719,0.141554494,16,22,1,-0.052824,-0.259883,0.198042
0.795484151,0.183239253,15,23,-1,-0.018807,-0.280944,0.222572
0.796352584,0.224924012,14,24,1,0.020109,-0.300390,0.247223
0.797221016,0.266608771,13,25,-1,0.064569,-0.317671,0.271780
0.798089449,0.308293530,12,26,1,0.115293,-0.332029,0.295893
0.798957881,0.349978289,11,27,-1,0.173038,-0.342430,0.319016
0.799826314,0.391663048,10,28,1,0.238533,-0.347482,0.340331
0.800694746,0.433347807,9,29,-1,0.312348,-0.345347,0.358640
0.801563178,0.475032566,8,30,1,0.394666,-0.333669,0.372249
0.802431611,0.516717325,7,31,-1,0.484911,-0.309556,0.378847
0.803300043,0.558402084,6,32,1,0.581204,-0.269707,0.375448
0.804168476,0.600086843,5,33,-1,0.679667,-0.210835,0.358499
0.805036908,0.641771602,4,34,1,0.773739,-0.130514,0.324324
0.805905341,0.683456361,3,35,-1,0.853955,-0.028551,0.270071
0.806773773,0.725141120,2,36,1,0.908822,0.091428,0.195150
0.807642206,0.766825879,1,37,-1,0.927359,0.221001,0.102683
0.808510638,0.808510638,0,38,1,0.902853,0.347727,0.000000
0.809379071,0.850195397,-1,39,-1,0.836022,0.458152,-0.102683
0.810247503,0.891880156,-2,40,1,0.735358,0.541816,-0.195150
0.811115936,0.933564915,-3,41,-1,0.614186,0.593995,-0.270071
0.811984368,0.975249674,-4,42,1,0.486299,0.615808,-0.324324
0.813287017,0.037776813,19,20,1,0.304726,0.603032,-0.368903
0.814155449,0.079461572,18,21,-1,0.199178,0.573608,-0.378609
0.815023882,0.121146331,17,22,1,0.108584,0.534217,-0.376595
0.815892314,0.162831090,16,23,-1,0.032750,0.489229,-0.366161
0.816760747,0.204515849,15,24,1,-0.029570,0.441732,-0.349953
0.817629179,0.246200608,14,25,-1,-0.080037,0.393770,-0.329964
0.818497612,0.287885367,13,26,1,-0.120358,0.346615,-0.307622
0.819366044,0.329570126,12,27,-1,-0.152106,0.301007,-0.283921
0.820234477,0.371254885,11,28,1,-0.176648,0.257331,-0.259532
0.821102909,0.412939644,10,29,-1,-0.195130,0.215746,-0.234893
0.821971342,0.454624403,9,30,1,-0.208495,0.176272,-0.210283
0.822839774,0.496309162,8,31,-1,-0.217503,0.138849,-0.185863
0.823708207,0.537993921,7,32,1,-0.222763,0.103373,-0.161721
0.824576639,0.579678680,6,33,-1,-0.224755,0.069720,-0.137889
0.825445072,0.621363439,5,34,1,-0.223853,0.037759,-0.114366
0.826313504,0.663048198,4,35,-1,-0.220344,0.007367,-0.091125
0.827181937,0.704732957,3,36,1,-0.214441,-0.021573,-0.068123
0.828050369,0.746417716,2,37,-1,-0.206292,-0.049162,-0.045309
0.828918802,0.788102475,1,38,1,-0.195993,-0.075485,-0.022622
0.829787234,0.829787234,0,39,-1,-0.183591,-0.100611,0.000000
0.830655667,0.871471993,-1,40,1,-0.169087,-0.124584,0.022622
0.831524099,0.913156752,-2,41,-1,-0.152440,-0.147429,0.045309
0.832392531,0.954841511,-3,42,1,-0.133570,-0.169142,0.068123
0.833260964,0.996526270,-4,43,-1,-0.112354,-0.189690,0.091125
0.833695180,0.017368650,20,20,1,-0.100815,-0.199507,0.102713
0.834563613,0.059053409,19,21,-1,-0.075753,-0.218159,0.126090
0.835432045,0.100738168,18,22,1,-0.047843,-0.235378,0.149766
0.836300478,0.142422927,17,23,-1,-0.016800,-0.250957,0.173754
0.837168910,0.184107686,16,24,1,0.017713,-0.264605,0.198042
0.838037343,0.225792445,15,25,-1,0.056085,-0.275930,0.222572
0.838905775,0.267477204,14,26,1,0.098756,-0.284404,0.247223
0.839774208,0.309161963,13,27,-1,0.146203,-0.289325,0.271780
0.840642640,0.350846722,12,28,1,0.198917,-0.289772,0.295893
0.841511073,0.392531481,11,29,-1,0.257358,-0.284548,0.319016
0.842379505,0.434216240,10,30,1,0.321860,-0.272116,0.340331
0.843247937,0.475900999,9,31,-1,0.392489,-0.250556,0.358640
0.844116370,0.517585758,8,32,1,0.468797,-0.217545,0.372249
0.844984802,0.559270517,7,33,-1,0.549465,-0.170446,0.378847
0.845853235,0.600955276,6,34,1,0.631809,-0.106573,0.375448
0.846721667,0.642640035,5,35,-1,0.711219,-0.023779,0.358499
0.847590100,0.684324794,4,36,1,0.780729,0.078542,0.324324
0.848458532,0.726009553,3,37,-1,0.831156,0.198075,0.270071
0.849326965,0.767694312,2,38,1,0.852376,0.328286,0.195150
0.850195397,0.809379071,1,39,-1,0.836022,0.458152,0.102683
0.851063830,0.851063830,0,40,1,0.778906,0.573902,0.000000
0.851932262,0.892748589,-1,41,-1,0.685275,0.662747,-0.102683
0.852800695,0.934433348,-2,42,1,0.566085,0.716843,-0.195150
0.853669127,0.976118107,-3,43,-1,0.435433,0.735154,-0.270071
0.854971776,0.038645245,20,21,-1,0.245415,0.706763,-0.343777
0.855840208,0.080330004,19,22,1,0.134580,0.662113,-0.368903
0.856708641,0.122014763,18,23,-1,0.040557,0.605849,-0.378609
0.857577073,0.163699522,17,24,1,-0.036411,0.543924,-0.376595
0.858445506,0.205384281,16,25,-1,-0.097666,0.480499,-0.366161
0.859313938,0.247069040,15,26,1,-0.145223,0.418225,-0.349953
0.860182371,0.288753799,14,27,-1,-0.181226,0.358633,-0.329964
0.861050803,0.330438558,13,28,1,-0.207656,0.302502,-0.307622
0.861919236,0.372123317,12,29,-1,-0.226226,0.250127,-0.283921
0.862787668,0.413808076,11,30,1,-0.238357,0.201518,-0.259532
0.863656101,0.455492835,10,31,-1,-0.245196,0.156527,-0.234893
0.864524533,0.497177594,9,32,1,-0.247657,0.114925,-0.210283
0.865392966,0.538862353,8,33,-1,-0.246458,0.076452,-0.185863
0.866261398,0.580547112,7,34,1,-0.242159,0.040847,-0.161721
0.867129831,0.622231871,6,35,-1,-0.235188,0.007863,-0.137889
0.867998263,0.663916630,5,36,1,-0.225875,-0.022723,-0.114366
0.868866696,0.705601389,4,37,-1,-0.214461,-0.051109,-0.091125
0.869735128,0.747286149,3,38,1,-0.201122,-0.077461,-0.068123
0.870603561,0.788970908,2,39,-1,-0.185974,-0.101917,-0.045309
0.871471993,0.830655667,1,40,1,-0.169087,-0.124584,-0.022622
0.872340426,0.872340426,0,41,-1,-0.150487,-0.145540,0.000000
0.873208858,0.914025185,-1,42,1,-0.130164,-0.164829,0.022622
0.874077290,0.955709944,-2,43,-1,-0.108074,-0.182465,0.045309
0.874945723,0.997394703,-3,44,1,-0.084138,-0.198421,0.068123
0.875379939,0.018237082,21,21,-1,-0.071445,-0.205751,0.079597
0.876248372,0.059921841,20,22,1,-0.044524,-0.219053,0.102713
0.877116804,0.101606600,19,23,-1,-0.015425,-0.230421,0.126090
0.877985237,0.143291359,18,24,1,0.016043,-0.239655,0.149766
0.878853669,0.184976118,17,25,-1,0.050099,-0.246478,0.173754
0.879722102,0.226660877,16,26,1,0.086991,-0.250524,0.198042
0.880590534,0.268345636,15,27,-1,0.126992,-0.251309,0.222572
0.881458967,0.310030395,14,28,1,0.170385,-0.248208,0.247223
0.882327399,0.351715154,13,29,-1,0.217446,-0.240419,0.271780
0.883195832,0.393399913,12,30,1,0.268406,-0.226923,0.295893
0.884064264,0.435084672,11,31,-1,0.323390,-0.206445,0.319016
0.884932696,0.476769431,10,32,1,0.382316,-0.177414,0.340331
0.885801129,0.518454190,9,33,-1,0.444739,-0.137959,0.358640
0.886669561,0.560138949,8,34,1,0.509614,-0.085961,0.372249
0.887537994,0.601823708,7,35,-1,0.574973,-0.019223,0.378847
0.888406426,0.643508467,6,36,1,0.637517,0.064135,0.375448
0.889274859,0.685193226,5,37,-1,0.692231,0.164967,0.358499
0.890143291,0.726877985,4,38,1,0.732238,0.282016,0.324324
0.891011724,0.768562744,3,39,-1,0.749294,0.410624,0.270071
0.891880156,0.810247503,2,40,1,0.735358,0.541816,0.195150
0.892748589,0.851932262,1,41,-1,0.685275,0.662747,0.102683
0.893617021,0.893617021,0,42,1,0.599609,0.759294,0.000000
0.894485454,0.935301780,-1,43,-1,0.485832,0.820246,-0.102683
0.895353886,0.976986539,-2,44,1,0.356585,0.840930,-0.195150
0.896656535,0.039513678,21,22,1,0.163410,0.803952,-0.299816
0.897524967,0.081198437,20,23,-1,0.049972,0.746488,-0.343777
0.898393400,0.122883196,19,24,1,-0.045129,0.674143,-0.368903
0.899261832,0.164567955,18,25,-1,-0.120947,0.595038,-0.378609
0.900130265,0.206252714,17,26,1,-0.178820,0.514978,-0.376595
0.900998697,0.247937473,16,27,-1,-0.221141,0.437624,-0.366161
0.901867130,0.289622232,15,28,1,-0.250557,0.364997,-0.349953
0.902735562,0.331306991,14,29,-1,-0.269536,0.298012,-0.329964
0.903603995,0.372991750,13,30,1,-0.280197,0.236892,-0.307622
0.904472427,0.414676509,12,31,-1,-0.284270,0.181471,-0.283921
0.905340860,0.456361268,11,32,1,-0.283128,0.131385,-0.259532
0.906209292,0.498046027,10,33,-1,-0.277838,0.086186,-0.234893
0.907077725,0.539730786,9,34,1,-0.269221,0.045412,-0.210283
0.907946157,0.581415545,8,35,-1,-0.257900,0.008623,-0.185863
0.908814590,0.623100304,7,36,1,-0.244346,-0.024581,-0.161721
0.909683022,0.664785063,6,37,-1,-0.228909,-0.054552,-0.137889
0.910551455,0.706469822,5,38,1,-0.211846,-0.081591,-0.114366
0.911419887,0.748154581,4,39,-1,-0.193339,-0.105953,-0.091125
0.912288320,0.789839340,3,40,1,-0.173511,-0.127844,-0.068123
0.913156752,0.831524099,2,41,-1,-0.152440,-0.147429,-0.045309
0.914025185,0.873208858,1,42,1,-0.130164,-0.164829,-0.022622
0.914893617,0.914893617,0,43,-1,-0.106689,-0.180126,-0.000000
0.915762050,0.956578376,-1,44,1,-0.081992,-0.193362,0.022622
0.916630482,0.998263135,-2,45,-1,-0.056028,-0.204534,0.045309
0.917064698,0.019105515,22,22,1,-0.042549,-0.209335,0.056696
0.917933131,0.060790274,21,23,-1,-0.014548,-0.217316,0.079597
0.918801563,0.102475033,20,24,1,0.014930,-0.223033,0.102713
0.919669996,0.144159792,19,25,-1,0.045999,-0.226309,0.126090
0.920538428,0.185844551,18,26,1,0.078789,-0.226901,0.149766
0.921406861,0.227529310,17,27,-1,0.113437,-0.224485,0.173754
0.922275293,0.269214069,16,28,1,0.150088,-0.218640,0.198042
0.923143726,0.310898828,15,29,-1,0.188875,-0.208829,0.222572
0.924012158,0.352583587,14,30,1,0.229907,-0.194374,0.247223
0.924880591,0.394268346,13,31,-1,0.273238,-0.174428,0.271780
0.925749023,0.435953105,12,32,1,0.318822,-0.147949,0.295893
0.926617455,0.477637864,11,33,-1,0.366442,-0.113671,0.319016
0.927485888,0.519322623,10,34,1,0.415604,-0.070104,0.340331
0.928354320,0.561007382,9,35,-1,0.465385,-0.015560,0.358640
0.929222753,0.602692141,8,36,1,0.514218,0.051731,0.372249
0.930091185,0.644376900,7,37,-1,0.559622,0.133365,0.378847
0.930959618,0.686061659,6,38,1,0.597921,0.230285,0.375448
0.931828050,0.727746418,5,39,-1,0.624052,0.341990,0.358499
0.932696483,0.769431177,4,40,1,0.631714,0.465450,0.324324
0.933564915,0.811115936,3,41,-1,0.614186,0.593995,0.270071
0.934433348,0.852800695,2,42,1,0.566085,0.716843,0.195150
0.935301780,0.894485454,1,43,-1,0.485832,0.820246,0.102683
0.936170213,0.936170213,0,44,1,0.377702,0.890729,-0.000000
0.937038645,0.977854972,-1,45,-1,0.251865,0.919456,-0.102683
0.938341294,0.040382110,22,23,-1,0.059164,0.883813,-0.235100
0.939209726,0.082066869,21,24,1,-0.054796,0.818559,-0.299816
0.940078159,0.123751628,20,25,-1,-0.149023,0.733167,-0.343777
0.940946591,0.165436387,19,26,1,-0.221631,0.638267,-0.368903
0.941815024,0.207121146,18,27,-1,-0.273856,0.541942,-0.378609
0.942683456,0.248805905,17,28,1,-0.308521,0.449437,-0.376595
0.943551889,0.290490664,16,29,-1,-0.328902,0.363650,-0.366161
0.944420321,0.332175423,15,30,1,-0.338085,0.285833,-0.349953
0.945288754,0.373860182,14,31,-1,-0.338692,0.216213,-0.329964
0.946157186,0.415544941,13,32,1,-0.332827,0.154448,-0.307622
0.947025619,0.457229700,12,33,-1,-0.322114,0.099921,-0.283921
0.947894051,0.498914459,11,34,1,-0.307780,0.051916,-0.259532
0.948762484,0.540599218,10,35,-1,-0.290736,0.009720,-0.234893
0.949630916,0.582283977,9,36,1,-0.271652,-0.027328,-0.210283
0.950499349,0.623968736,8,37,-1,-0.251014,-0.059820,-0.185863
0.951367781,0.665653495,7,38,1,-0.229170,-0.088263,-0.161721
0.952236214,0.707338254,6,39,-1,-0.206364,-0.113090,-0.137889
0.953104646,0.749023013,5,40,1,-0.182763,-0.134661,-0.114366
0.953973079,0.790707772,4,41,-1,-0.158477,-0.153267,-0.091125
0.954841511,0.832392531,3,42,1,-0.133570,-0.169142,-0.068123
0.955709944,0.874077290,2,43,-1,-0.108074,-0.182465,-0.045309
0.956578376,0.915762050,1,44,1,-0.081992,-0.193362,-0.022622
0.957446809,0.957446809,0,45,-1,-0.055310,-0.201913,-0.000000
0.958315241,0.999131568,-1,46,1,-0.027994,-0.208153,0.022622
0.958749457,0.019973947,23,23,-1,-0.014085,-0.210404,0.033953
0.959617890,0.061658706,22,24,1,0.014268,-0.213138,0.056696
0.960486322,0.103343465,21,25,-1,0.043383,-0.213438,0.079597
0.961354755,0.145028224,20,26,1,0.073324,-0.211164,0.102713
0.962223187,0.186712983,19,27,-1,0.104155,-0.206115,0.126090
0.963091620,0.228397742,18,28,1,0.135935,-0.198023,0.149766
0.963960052,0.270082501,17,29,-1,0.168715,-0.186539,0.173754
0.964828485,0.311767260,16,30,1,0.202519,-0.171219,0.198042
0.965696917,0.353452019,15,31,-1,0.237335,-0.151509,0.222572
0.966565350,0.395136778,14,32,1,0.273090,-0.126727,0.247223
0.967433782,0.436821537,13,33,-1,0.309613,-0.096043,0.271780
0.968302215,0.478506296,12,34,1,0.346581,-0.058461,0.295893
0.969170647,0.520191055,11,35,-1,0.383453,-0.012820,0.319016
0.970039079,0.561875814,10,36,1,0.419358,0.042188,0.340331
0.970907512,0.603560573,9,37,-1,0.452961,0.107946,0.358640
0.971775944,0.645245332,8,38,1,0.482280,0.185747,0.372249
0.972644377,0.686930091,7,39,-1,0.504504,0.276476,0.378847
0.973512809,0.728614850,6,40,1,0.515836,0.380071,0.375448
0.974381242,0.770299609,5,41,-1,0.511527,0.494710,0.358499
0.975249674,0.811984368,4,42,1,0.486299,0.615808,0.324324
0.976118107,0.853669127,3,43,-1,0.435433,0.735154,0.270071
0.976986539,0.895353886,2,44,1,0.356585,0.840930,0.195150
0.977854972,0.937038645,1,45,-1,0.251865,0.919456,0.102683
0.978723404,0.978723404,0,46,1,0.128955,0.958868,0.000000
0.980026053,0.041250543,23,24,1,-0.062534,0.934148,-0.150744
0.980894485,0.082935302,22,25,-1,-0.176437,0.868041,-0.235100
0.981762918,0.124620061,21,26,1,-0.269109,0.774998,-0.299816
0.982631350,0.166304820,20,27,-1,-0.337427,0.667746,-0.343777
0.983499783,0.207989579,19,28,1,-0.382383,0.557036,-0.368903
0.984368215,0.249674338,18,29,-1,-0.407304,0.450335,-0.378609
0.985236648,0.291359097,17,30,1,-0.416298,0.351958,-0.376595
0.986105080,0.333043856,16,31,-1,-0.413290,0.263835,-0.366161
0.986973513,0.374728615,15,32,1,-0.401588,0.186357,-0.349953
0.987841945,0.416413374,14,33,-1,-0.383781,0.119050,-0.329964
0.988710378,0.458098133,13,34,1,-0.361806,0.061029,-0.307622
0.989578810,0.499782892,12,35,-1,-0.337068,0.011269,-0.283921
0.990447243,0.541467651,11,36,1,-0.310560,-0.031243,-0.259532
0.991315675,0.583152410,10,37,-1,-0.282974,-0.067436,-0.234893
0.992184108,0.624837169,9,38,1,-0.254780,-0.098127,-0.210283
0.993052540,0.666521928,8,39,-1,-0.226292,-0.124011,-0.185863
0.993920973,0.708206687,7,40,1,-0.197709,-0.145673,-0.161721
0.994789405,0.749891446,6,41,-1,-0.169154,-0.163593,-0.137889
0.995657838,0.791576205,5,42,1,-0.140693,-0.178161,-0.114366
0.996526270,0.833260964,4,43,-1,-0.112354,-0.189690,-0.091125
0.997394703,0.874945723,3,44,1,-0.084138,-0.198421,-0.068123
0.998263135,0.916630482,2,45,-1,-0.056028,-0.204534,-0.045309
0.999131568,0.958315241,1,46,1,-0.027994,-0.208153,-0.022622
1.000000000,1.000000000,0,47,-1,-0.000000,-0.209352,-0.000000
