# Hopf drift winding d48_150 (Deep 150°), 10 circuits, unit ball; ccsim.geometry.hopf_drift('d48_150', 10)
# strand drift, open polyline, 1501 points
x,y,z
0.000000000,1.000000000,0.000000000
-0.014622398,0.999477638,-0.015059786
-0.029224568,0.998220419,-0.030094639
-0.043788781,0.996230144,-0.045086537
-0.058297383,0.993509617,-0.060017547
-0.072732839,0.990062637,-0.074869858
-0.087074618,0.985873421,-0.089622505
-0.101294724,0.980893991,-0.104246737
-0.115385911,0.975205903,-0.118735680
-0.129331446,0.968817013,-0.133072373
-0.143114887,0.961736100,-0.147240159
-0.156718655,0.953967838,-0.161221208
-0.170098565,0.945434213,-0.174970154
-0.183264634,0.936241555,-0.188497827
-0.196201944,0.926402351,-0.201789156
-0.208896034,0.915929866,-0.214829545
-0.221302617,0.904770631,-0.227573695
-0.233419512,0.892975136,-0.240019718
-0.245248252,0.880593163,-0.252169501
-0.256776567,0.867640994,-0.264010706
-0.267934037,0.854038090,-0.275471364
-0.278762109,0.839899926,-0.286594306
-0.289252190,0.825247608,-0.297370975
-0.299334810,0.810019841,-0.307730523
-0.309043628,0.794301855,-0.317707692
-0.318376379,0.778123218,-0.327300418
-0.327254497,0.761428069,-0.336428709
-0.335745640,0.744325445,-0.345161948
-0.343779902,0.726776617,-0.353429069
-0.351383248,0.708838240,-0.361256841
-0.358526112,0.690516587,-0.368615422
-0.365210127,0.671842867,-0.375506764
-0.371413388,0.652832712,-0.381908883
-0.377154518,0.633526523,-0.387841017
-0.382377973,0.613921459,-0.393247035
-0.387133331,0.594073580,-0.398177633
-0.391373226,0.573986693,-0.402585042
-0.395098834,0.553691780,-0.406470835
-0.398325223,0.533221650,-0.409850644
-0.401041686,0.512598707,-0.412713975
-0.403219550,0.491843566,-0.415032203
-0.404872395,0.470988088,-0.416819505
-0.406002294,0.450059487,-0.418078398
-0.406605270,0.429083936,-0.418805313
-0.406679132,0.408088128,-0.418998502
-0.406223406,0.387098942,-0.418657981
-0.405239259,0.366143147,-0.417785439
-0.403729396,0.345247148,-0.416384134
-0.401674881,0.324441676,-0.414435623
-0.399098834,0.303750372,-0.411963739
-0.396010197,0.283197361,-0.408978057
-0.392386954,0.262817094,-0.405457197
-0.388258591,0.242627213,-0.401431353
-0.383607505,0.222663110,-0.396883680
-0.378458595,0.202941917,-0.391839786
-0.372808647,0.183493356,-0.386297252
-0.366657209,0.164347670,-0.380256493
-0.360020803,0.145524562,-0.373734798
-0.352906218,0.127049237,-0.366739799
-0.345318338,0.108948933,-0.359277274
-0.337264270,0.091249884,-0.351355230
-0.328761778,0.073968423,-0.342992162
-0.319812055,0.057136596,-0.334190268
-0.310433434,0.040769411,-0.324968554
-0.300630082,0.024897399,-0.315332137
-0.290416397,0.009540168,-0.305296104
-0.279805841,-0.005281904,-0.294874559
-0.268807491,-0.019541617,-0.284077280
-0.257440038,-0.033225577,-0.272923249
-0.245714338,-0.046308015,-0.261423735
-0.233647068,-0.058772129,-0.249595460
-0.221252048,-0.070595267,-0.237452187
-0.208545495,-0.081758151,-0.225009733
-0.195545335,-0.092244521,-0.212285253
-0.182268289,-0.102034186,-0.199294390
-0.168733636,-0.111112107,-0.186054833
-0.154959459,-0.119458040,-0.172582635
-0.140966045,-0.127055804,-0.158895427
-0.126774860,-0.133891201,-0.145011390
-0.112408598,-0.139953102,-0.130949289
-0.097888820,-0.145221038,-0.116725953
-0.083240530,-0.149687765,-0.102360992
-0.068488383,-0.153340581,-0.087872837
-0.053658248,-0.156169434,-0.073280382
-0.038776920,-0.158166542,-0.058602749
-0.023871924,-0.159323804,-0.043859031
-0.008971609,-0.159635644,-0.029068566
0.005895365,-0.159102766,-0.014250878
0.020699373,-0.157717534,0.000574673
0.035411586,-0.155487581,0.015388586
0.050001858,-0.152410016,0.030171220
0.064441541,-0.148493915,0.044903251
0.078701685,-0.143745402,0.059565241
0.092753196,-0.138170554,0.074137482
0.106569172,-0.131783179,0.088600998
0.120122752,-0.124595412,0.102936599
0.133388321,-0.116621883,0.117125383
0.146340333,-0.107876377,0.131148096
0.158955654,-0.098377400,0.144986355
0.171211642,-0.088142975,0.158621659
0.183087509,-0.077193565,0.172036143
0.194562541,-0.065548572,0.185211580
0.205618380,-0.053230371,0.198130749
0.216237350,-0.040261213,0.210776495
0.226401729,-0.026662592,0.223131248
0.236096046,-0.012458385,0.235178536
0.245307153,0.002325549,0.246903149
0.254022202,0.017664014,0.258289867
0.262224630,0.033536045,0.269320613
0.269908061,0.049910723,0.279984198
0.277057067,0.066766516,0.290262867
0.283666247,0.084073142,0.300145909
0.289725214,0.101805211,0.309618888
0.295226511,0.119935244,0.318669414
0.300166297,0.138433897,0.327287825
0.304528214,0.157279507,0.335454580
0.308321261,0.176435800,0.343169978
0.311525618,0.195882448,0.350411395
0.314150125,0.215584809,0.357179163
0.316188692,0.235515924,0.363461595
0.317637515,0.255647588,0.369248764
0.318495414,0.275950651,0.374532885
0.318764166,0.296395431,0.379308726
0.318448835,0.316952261,0.383574049
0.317536460,0.337594096,0.387310639
0.316039818,0.358289783,0.390522954
0.313963243,0.379010606,0.393208246
0.311305402,0.399727391,0.395358440
0.308066842,0.420410623,0.396967104
0.304268238,0.441032856,0.398046779
0.299908032,0.461565171,0.398589229
0.294975567,0.481974796,0.398576947
0.289497023,0.502236968,0.398028160
0.283478800,0.522323456,0.396942107
0.276928921,0.542206349,0.395319594
0.269857023,0.561858334,0.393163053
0.262274314,0.581252997,0.390476577
0.254193499,0.600365131,0.387265920
0.245612625,0.619159660,0.383521053
0.236547516,0.637611148,0.379250553
0.227024054,0.655703802,0.374474513
0.217059960,0.673418413,0.369204724
0.206649049,0.690712831,0.363425627
0.195807443,0.707561677,0.357146110
0.184577969,0.723973602,0.350407590
0.172938667,0.739882190,0.343174336
0.160931181,0.755295283,0.335486498
0.148570718,0.770193111,0.327353453
0.135857082,0.784525730,0.318763359
0.122835027,0.798320864,0.309763886
0.109492226,0.811502092,0.300325856
0.095875152,0.824108263,0.290501122
0.081983426,0.836078994,0.280275258
0.067844079,0.847416924,0.269673779
0.053484906,0.858130263,0.258724203
0.038901219,0.868128740,0.247401177
0.024143838,0.877501661,0.235772342
0.009209353,0.886146216,0.223810602
-0.005872007,0.894088722,0.211549953
-0.021071931,0.901365520,0.199024957
-0.036386690,0.907854815,0.186210688
-0.051782964,0.913629994,0.173154958
-0.067239122,0.918708362,0.159881744
-0.082740001,0.922988261,0.146381355
-0.098260579,0.926514728,0.132687356
-0.113780134,0.929323156,0.118827101
-0.129277732,0.931367583,0.104809194
-0.144728163,0.932594966,0.090644537
-0.160115755,0.933093420,0.076368103
-0.175421771,0.932861498,0.061996839
-0.190612631,0.931807953,0.047540470
-0.205673848,0.929987640,0.033025132
-0.220592326,0.927439907,0.018472065
-0.235349822,0.924167671,0.003898775
-0.249894870,0.920053294,-0.010674662
-0.264237184,0.915222010,-0.025228048
-0.278360087,0.909682895,-0.039743894
-0.292235334,0.903412803,-0.054201543
-0.305820470,0.896359981,-0.068573896
-0.319131123,0.888626048,-0.082851715
-0.332151553,0.880221254,-0.097018105
-0.344828172,0.871079463,-0.111039062
-0.357160204,0.861251460,-0.124902062
-0.369153015,0.850791736,-0.138599380
-0.380773151,0.839681458,-0.152104574
-0.391974357,0.827887912,-0.165382640
-0.402793092,0.815510370,-0.178444102
-0.413202898,0.802544808,-0.191265534
-0.423138371,0.788940510,-0.203798493
-0.432654795,0.774807470,-0.216068362
-0.441709795,0.760126716,-0.228040542
-0.450265077,0.744890145,-0.239681685
-0.458372157,0.729186245,-0.251018701
-0.465942653,0.712959044,-0.261983258
-0.473026494,0.696288514,-0.272602793
-0.479591415,0.679177032,-0.282847104
-0.485617661,0.661639195,-0.292694677
-0.491128052,0.643723242,-0.302155377
-0.496070699,0.625421912,-0.311183219
-0.500484511,0.606791280,-0.319801059
-0.504326240,0.587833347,-0.327968744
-0.507609860,0.568586479,-0.335690324
-0.510342113,0.549080364,-0.342965205
-0.512471456,0.529322501,-0.349744400
-0.514054060,0.509363477,-0.356067921
-0.515055348,0.489217574,-0.361900821
-0.515459731,0.468910494,-0.367222993
-0.515299184,0.448478373,-0.372055583
-0.514567323,0.427946234,-0.376387105
-0.513256468,0.407340435,-0.380204598
-0.511349811,0.386688950,-0.383486394
-0.508873033,0.366022409,-0.386249182
-0.505826873,0.345368630,-0.388487444
-0.502213918,0.324755774,-0.390197303
-0.498038525,0.304212033,-0.391376514
-0.493306716,0.283765360,-0.392024432
-0.488022256,0.263444293,-0.392138238
-0.482178754,0.243281288,-0.391704973
-0.475802308,0.223299101,-0.390743605
-0.468904918,0.203522886,-0.389259677
-0.461475951,0.183988599,-0.387235652
-0.453539080,0.164716965,-0.384688794
-0.445099246,0.145737864,-0.381617223
-0.436174491,0.127072851,-0.378032905
-0.426759976,0.108760084,-0.373923255
-0.416883561,0.090814252,-0.369310777
-0.406554185,0.073263360,-0.364197766
-0.395783631,0.056133950,-0.358589463
-0.384585986,0.039450777,-0.352493626
-0.372977161,0.023236608,-0.345920128
-0.360974463,0.007512117,-0.338880575
-0.348585626,-0.007688596,-0.331374931
-0.335836957,-0.022356940,-0.323425634
-0.322737181,-0.036458208,-0.315033413
-0.309309743,-0.049980673,-0.306217366
-0.295570632,-0.062900241,-0.296987076
-0.281538128,-0.075196008,-0.287354847
-0.267232118,-0.086850135,-0.277335030
-0.252672271,-0.097843971,-0.266941499
-0.237877095,-0.108154155,-0.256185916
-0.222869336,-0.117768596,-0.245086079
-0.207670023,-0.126669695,-0.233656826
-0.192300829,-0.134840141,-0.221913396
-0.176784668,-0.142266153,-0.209872641
-0.161144536,-0.148931987,-0.197550714
-0.145404386,-0.154824307,-0.184964770
-0.129588740,-0.159929032,-0.172131857
-0.113723109,-0.164237054,-0.159070542
-0.097833392,-0.167737817,-0.145798863
-0.081946339,-0.170418043,-0.132334346
-0.066089329,-0.172274102,-0.118696724
-0.050290686,-0.173295546,-0.104904230
-0.034578972,-0.173479872,-0.090976557
-0.018983653,-0.172822135,-0.076932873
-0.003534637,-0.171320222,-0.062792744
0.011737908,-0.168974470,-0.048575942
0.026803692,-0.165787372,-0.034302333
0.041631245,-0.161759747,-0.019991739
0.056190617,-0.156899756,-0.005664315
0.070452201,-0.151217000,0.008659928
0.084384395,-0.144717047,0.022960802
0.097959384,-0.137415520,0.037218308
0.111149010,-0.129326731,0.051412489
0.123925582,-0.120465911,0.065523349
0.136261951,-0.110849363,0.079530776
0.148134342,-0.100498578,0.093415297
0.159517707,-0.089432431,0.107156880
0.170391274,-0.077675335,0.120736499
0.180735835,-0.065252456,0.134135505
0.190528398,-0.052183839,0.147333564
0.199753993,-0.038498269,0.160312935
0.208396396,-0.024221946,0.173055220
0.216441427,-0.009382312,0.185542593
0.223873673,0.005994887,0.197756373
0.230683453,0.021879541,0.209680183
0.236858002,0.038244757,0.221295992
0.242390660,0.055059621,0.232588521
0.247272945,0.072295273,0.243541463
0.251500201,0.089921035,0.254140402
0.255059133,0.107911255,0.264365896
0.257957813,0.126229480,0.274210488
0.260179317,0.144851957,0.283652152
0.261730426,0.163744185,0.292682718
0.262609535,0.182876109,0.301289099
0.262818215,0.202216931,0.309460204
0.262346321,0.221738877,0.317176942
0.261209493,0.241407735,0.324437480
0.259403190,0.261194622,0.331226395
0.256940762,0.281067724,0.337540869
0.253811197,0.300998077,0.343360244
0.250030364,0.320954054,0.348683601
0.245605823,0.340905445,0.353504095
0.240545581,0.360822305,0.357815295
0.234858014,0.380674885,0.361611108
0.228539271,0.400430874,0.364874807
0.221617740,0.420063452,0.367617056
0.214105689,0.439544804,0.369835540
0.205992843,0.458838829,0.371506862
0.197320214,0.477926501,0.372654784
0.188080227,0.496771364,0.373257837
0.178293235,0.515347630,0.373320817
0.167983985,0.533633330,0.372853566
0.157164365,0.551600301,0.371853281
0.145837379,0.569212496,0.370306877
0.134029472,0.586449638,0.368226240
0.121761507,0.603288927,0.365617836
0.109051443,0.619705564,0.362485023
0.095918490,0.635675984,0.358832662
0.082382963,0.651178086,0.354667102
0.068461483,0.666184880,0.349989735
0.054168539,0.680663695,0.344797870
0.039536375,0.694608146,0.339113863
0.024588684,0.708002639,0.332949486
0.009349253,0.720833945,0.326317600
-0.006174734,0.733050874,0.319201942
-0.021951674,0.744649906,0.311625609
-0.037948136,0.755644597,0.303620417
-0.054156263,0.765974419,0.295166651
-0.070545134,0.775640539,0.286288893
-0.087082908,0.784669791,0.277023399
-0.103764043,0.792952192,0.267327560
-0.120543581,0.800592283,0.257281014
-0.137411984,0.807471567,0.246840640
-0.154334034,0.813677284,0.236071110
-0.171291236,0.819110982,0.224944847
-0.188255653,0.823856441,0.213519371
-0.205201973,0.827803714,0.201767523
-0.222110626,0.831073724,0.189756152
-0.238944795,0.833503890,0.177444621
-0.255695414,0.835246749,0.164905075
-0.272322868,0.836185698,0.152118678
-0.288813203,0.836383576,0.139123126
-0.305143541,0.835842063,0.125936989
-0.321272600,0.834490181,0.112562200
-0.337206144,0.832441008,0.099042503
-0.352888060,0.829586939,0.085375783
-0.368316250,0.825998436,0.071593738
-0.383480423,0.821709363,0.057718847
-0.398308191,0.816602255,0.043757488
-0.412833851,0.810818295,0.029743129
-0.427012729,0.804311343,0.015690949
-0.440805775,0.797056296,0.001620709
-0.454239305,0.789150292,-0.012446687
-0.467242701,0.780515445,-0.026489364
-0.479821692,0.771206847,-0.040488294
-0.491989225,0.761282940,-0.054428653
-0.503640736,0.750635001,-0.068275242
-0.514844294,0.739396704,-0.082024160
-0.525557465,0.727548149,-0.095650798
-0.535729749,0.715065860,-0.109125787
-0.545417626,0.702048765,-0.122451008
-0.554521331,0.688424622,-0.135579472
-0.563093820,0.674281156,-0.148515093
-0.571104402,0.659620692,-0.161232968
-0.578512781,0.644439540,-0.173703275
-0.585375627,0.628815843,-0.185936915
-0.591579594,0.612692017,-0.197870105
-0.597235755,0.596179948,-0.209541777
-0.602213166,0.579219997,-0.220875334
-0.606624525,0.561913277,-0.231915559
-0.610348159,0.544217410,-0.242585760
-0.613496216,0.526221626,-0.252935350
-0.615936703,0.507889200,-0.262877225
-0.617781915,0.489300779,-0.272464570
-0.618949717,0.470449157,-0.281636573
-0.619475770,0.451377670,-0.290402639
-0.619377690,0.432117202,-0.298763419
-0.618578980,0.412676332,-0.306655848
-0.617155386,0.393102790,-0.314118665
-0.615100487,0.373420453,-0.321136829
-0.612369959,0.353651976,-0.327666384
-0.608999654,0.333831725,-0.333720742
-0.605000625,0.313988184,-0.339296542
-0.600373740,0.294149368,-0.344382720
-0.595121897,0.274344081,-0.348969475
-0.589250007,0.254601608,-0.353048388
-0.582764944,0.234951418,-0.356612503
-0.575675450,0.215422891,-0.359656373
-0.567992029,0.196045061,-0.362176084
-0.559726805,0.176846390,-0.364169241
-0.550893380,0.157854562,-0.365634938
-0.541506671,0.139096318,-0.366573710
-0.531582756,0.120597308,-0.366987463
-0.521124520,0.102390649,-0.366864781
-0.510145753,0.084504829,-0.366204668
-0.498682772,0.066952126,-0.365030365
-0.486718231,0.049783600,-0.363307393
-0.474302209,0.032998765,-0.361075009
-0.461429810,0.016642072,-0.358311198
-0.448128168,0.000730754,-0.355030109
-0.434418039,-0.014713621,-0.351239160
-0.420316396,-0.029664864,-0.346940945
-0.405842561,-0.044098787,-0.342140730
-0.391017651,-0.057993403,-0.336846100
-0.375864099,-0.071329030,-0.331066618
-0.360405233,-0.084088312,-0.324813502
-0.344655971,-0.096235298,-0.318083816
-0.328648826,-0.107772088,-0.310903884
-0.312398725,-0.118658979,-0.303269225
-0.295934903,-0.128892366,-0.295201225
-0.279280131,-0.138451430,-0.286709162
-0.262458826,-0.147318903,-0.277804987
-0.245496393,-0.155480856,-0.268502705
-0.228417979,-0.162920558,-0.258814877
-0.211249460,-0.169622607,-0.248755042
-0.194017642,-0.175576864,-0.238339459
-0.176749269,-0.180771831,-0.227583594
-0.159471527,-0.185194525,-0.216502412
-0.142212149,-0.188835807,-0.205112609
-0.124998975,-0.191689864,-0.193432033
-0.107861476,-0.193739267,-0.181474581
-0.090827758,-0.194987001,-0.169261185
-0.073927605,-0.195424202,-0.156808663
-0.057191086,-0.195045993,-0.144135188
-0.040648244,-0.193850844,-0.131259770
-0.024329421,-0.191838387,-0.118201554
-0.008266892,-0.189004780,-0.104978974
0.007509356,-0.185356092,-0.091612389
0.022967852,-0.180895559,-0.078121396
0.038076841,-0.175628003,-0.064525821
0.052804943,-0.169561026,-0.050845815
0.067121241,-0.162704662,-0.037101702
0.080995366,-0.155071115,-0.023313891
0.094397570,-0.146674559,-0.009502827
0.107297769,-0.137529574,0.004310987
0.119667206,-0.127653566,0.018106929
0.131480155,-0.117068274,0.031864509
0.142710650,-0.105795048,0.045563252
0.153334058,-0.093856892,0.059182703
0.163327348,-0.081278493,0.072702473
0.172669425,-0.068086246,0.086102326
0.181341547,-0.054308287,0.099362318
0.189327859,-0.039974501,0.112463030
0.196607643,-0.025110708,0.125383550
0.203173174,-0.009751762,0.138106112
0.209009980,0.006073174,0.150611021
0.214106216,0.022333459,0.162878983
0.218453262,0.038997009,0.174891451
0.222046427,0.056030425,0.186631102
0.224882636,0.073400520,0.198081200
0.226953372,0.091076797,0.209222632
0.228258191,0.109025812,0.220039274
0.228798305,0.127214318,0.230515712
0.228575454,0.145609621,0.240636784
0.227582456,0.164181168,0.250382723
0.225837161,0.182893516,0.259746104
0.223329676,0.201716795,0.268705340
0.220075900,0.220617337,0.277252278
0.216080233,0.239563585,0.285372701
0.211350597,0.258523820,0.293054280
0.205898809,0.277466714,0.300287117
0.199729578,0.296360759,0.307056763
0.192856671,0.315174883,0.313354402
0.185294822,0.333878902,0.319172205
0.177062334,0.352443912,0.324505139
0.168157896,0.370836133,0.329333468
0.158608743,0.389028888,0.333658703
0.148431076,0.406993401,0.337474430
0.137642490,0.424701615,0.340775448
0.126259570,0.442125095,0.343555695
0.114291775,0.459230609,0.345802055
0.101773957,0.475999539,0.347525024
0.088727834,0.492407879,0.348724091
0.075154121,0.508414043,0.349376054
0.061102445,0.524015390,0.349509369
0.046570854,0.539165611,0.349096522
0.031597588,0.553854972,0.348155045
0.016209931,0.568065709,0.346691294
0.000419691,0.581760210,0.344690988
-0.015744973,0.594919463,0.342160298
-0.032252361,0.607531715,0.339111655
-0.049077603,0.619576019,0.335548144
-0.066194764,0.631032756,0.331474248
-0.083577002,0.641883798,0.326895849
-0.101196749,0.652112665,0.321820207
-0.119025910,0.661704655,0.316255913
-0.137036085,0.670646953,0.310212822
-0.155198802,0.678928715,0.303701954
-0.173487126,0.686531202,0.296728917
-0.191874173,0.693420470,0.289290645
-0.210326365,0.699617710,0.281419471
-0.228815888,0.705119615,0.273130321
-0.247315680,0.709914966,0.264433170
-0.265794233,0.713942801,0.255312398
-0.284224686,0.717264538,0.245819167
-0.302581568,0.719875177,0.235966041
-0.320824273,0.721691472,0.225730236
-0.338938726,0.722805315,0.215172525
-0.356889236,0.723166540,0.204285972
-0.374644785,0.722770580,0.193086749
-0.392194854,0.721672431,0.181612503
-0.409479168,0.719773565,0.169843672
-0.426514446,0.717200458,0.157842078
-0.443224635,0.713829532,0.145583470
-0.459634934,0.709787884,0.133124887
-0.475670675,0.704974471,0.120454063
-0.491355830,0.699495096,0.107616670
-0.506615290,0.693264165,0.094609495
-0.521480462,0.686386176,0.081472971
-0.535866399,0.678773077,0.068208442
-0.549822225,0.670543067,0.054853406
-0.563242922,0.661593168,0.041412872
-0.576205445,0.652064466,0.027920504
-0.588575608,0.641832769,0.014386900
-0.600451496,0.631049586,0.000838858
-0.611707727,0.619615598,-0.012704207
-0.622422408,0.607646047,-0.026224037
-0.632495746,0.595079934,-0.039694913
-0.641982824,0.582000254,-0.053102985
-0.650810093,0.568377934,-0.066420275
-0.659011936,0.554271812,-0.079634140
-0.666536062,0.539675014,-0.092716854
-0.673404346,0.524632826,-0.105655918
-0.679574886,0.509149187,-0.118423752
-0.685071067,0.493267152,-0.131010049
-0.689844937,0.476990230,-0.143383822
-0.693940629,0.460369465,-0.155542782
-0.697282953,0.443398575,-0.167445050
-0.699960196,0.426144051,-0.179106268
-0.701845191,0.408583857,-0.190462093
-0.703054831,0.390790237,-0.201542207
-0.703508362,0.372763062,-0.212297905
-0.703234867,0.354541042,-0.222724839
-0.702267811,0.336157858,-0.232824162
-0.700513615,0.317623477,-0.242533737
-0.698061444,0.298983645,-0.251881544
-0.694909312,0.280263166,-0.260852374
-0.691001561,0.261486426,-0.269398873
-0.686388998,0.242687162,-0.277532677
-0.681084267,0.223893226,-0.285245725
-0.675089796,0.205132590,-0.292523732
-0.668399140,0.186435533,-0.299345769
-0.661016215,0.167833464,-0.305696546
-0.652971579,0.149352842,-0.311579648
-0.644274969,0.131022361,-0.316984854
-0.634938020,0.112870661,-0.321903133
-0.624974186,0.094926101,-0.326326728
-0.614398636,0.077216549,-0.330249213
-0.603228129,0.059769180,-0.333665525
-0.591480866,0.042610305,-0.336571977
-0.579162502,0.025773922,-0.338953025
-0.566297230,0.009284385,-0.340809740
-0.552915435,-0.006839908,-0.342150281
-0.539038291,-0.022575769,-0.342974585
-0.524660760,-0.037875504,-0.343253094
-0.509838015,-0.052745067,-0.343022601
-0.494565713,-0.067133683,-0.342252309
-0.478889664,-0.081043786,-0.340971414
-0.462814282,-0.094429076,-0.339156968
-0.446374618,-0.107280793,-0.336825470
-0.429595869,-0.119579084,-0.333981302
-0.412501811,-0.131301013,-0.330626295
-0.395118163,-0.142426004,-0.326764786
-0.377472028,-0.152935955,-0.322403339
-0.359591412,-0.162815264,-0.317550459
-0.341504801,-0.172050801,-0.312216316
-0.323235865,-0.180610005,-0.306397413
-0.304818546,-0.188499788,-0.300118312
-0.286277759,-0.195686469,-0.293375635
-0.267645149,-0.202171062,-0.286189243
-0.248949367,-0.207936867,-0.278567354
-0.230220171,-0.212971052,-0.270520941
-0.211487764,-0.217264358,-0.262063151
-0.192782294,-0.220810767,-0.253208799
-0.174134778,-0.223595669,-0.243968366
-0.155575219,-0.225619900,-0.234360120
-0.137136027,-0.226868037,-0.224394611
-0.118847328,-0.227342735,-0.214090816
-0.100740566,-0.227039414,-0.203464267
-0.082847583,-0.225954546,-0.192531030
-0.065201214,-0.224083984,-0.181307083
-0.047831212,-0.221434405,-0.169812236
-0.030770646,-0.218004043,-0.158063157
-0.014052479,-0.213794214,-0.146077684
0.002292191,-0.208811943,-0.133875263
0.018229948,-0.203061030,-0.121474329
0.033730931,-0.196553239,-0.108895193
0.048761909,-0.189295736,-0.096156907
0.063293113,-0.181302500,-0.083279826
0.077290011,-0.172582178,-0.070283296
0.090724748,-0.163153832,-0.057188308
0.103567272,-0.153034325,-0.044015277
0.115788642,-0.142242821,-0.030784824
0.127361130,-0.130800598,-0.017517696
0.138258277,-0.118730844,-0.004234706
0.148453485,-0.106057309,0.009043240
0.157924344,-0.092807750,0.022295230
0.166649422,-0.079010725,0.035500428
0.174608776,-0.064695933,0.048638051
0.181784519,-0.049894421,0.061687411
0.188161130,-0.034638503,0.074627996
0.193723381,-0.018960513,0.087439162
0.198459257,-0.002894289,0.100100539
0.202364146,0.013523703,0.112593153
0.205422215,0.030261887,0.124895421
0.207634764,0.047282561,0.136989370
0.208996745,0.064551094,0.148855503
0.209506255,0.082032292,0.160474908
0.209165276,0.099690618,0.171829685
0.207972988,0.117491537,0.182900860
0.205936795,0.135399651,0.193672068
0.203057606,0.153380831,0.204124486
0.199347119,0.171400453,0.214243253
0.194813396,0.189424833,0.224012150
0.189468664,0.207420832,0.233416755
0.183313841,0.225354598,0.242437081
0.176378317,0.243195351,0.251066927
0.168659072,0.260908750,0.259283828
0.160183073,0.278465190,0.267080826
0.150964566,0.295833547,0.274444416
0.141021226,0.312983666,0.281362998
0.130374299,0.329887015,0.287827371
0.119033553,0.346510488,0.293820448
0.107031127,0.362830296,0.299340417
0.094382550,0.378815948,0.304374088
0.081119393,0.394445638,0.308920519
0.067252112,0.409684999,0.312961744
0.052812299,0.424512697,0.316497008
0.037826997,0.438905466,0.319522355
0.022322139,0.452839607,0.322033052
0.006325648,0.466293588,0.324026566
-0.010142555,0.479236816,0.325491105
-0.027049209,0.491652382,0.326429312
-0.044358104,0.503530354,0.326849600
-0.062051085,0.514835778,0.326736531
-0.080090476,0.525561216,0.326100730
-0.098450179,0.535681934,0.324936705
-0.117091529,0.545198046,0.323260422
-0.135997258,0.554060269,0.321046649
-0.155122470,0.562287058,0.318325932
-0.174437637,0.569861816,0.315099511
-0.193913630,0.576761483,0.311364221
-0.213518692,0.582966261,0.307120115
-0.233216936,0.588482114,0.302385845
-0.252976108,0.593298982,0.297168058
-0.272763630,0.597408524,0.291474666
-0.292546791,0.600804190,0.285314811
-0.312292949,0.603481249,0.278698804
-0.331969732,0.605436807,0.271638050
-0.351545239,0.606669780,0.264144955
-0.370986127,0.607171721,0.256227687
-0.390255541,0.606926534,0.247890846
-0.409326586,0.605958330,0.239161313
-0.428169833,0.604272776,0.230054914
-0.446757101,0.601876973,0.220587908
-0.465050283,0.598754486,0.210765196
-0.483011411,0.594897966,0.200597591
-0.500629719,0.590353885,0.190120019
-0.517881709,0.585134176,0.179349987
-0.534696776,0.579176797,0.168275867
-0.551087987,0.572561487,0.156944605
-0.567038128,0.565307185,0.145375720
-0.582458577,0.557342275,0.133558734
-0.597388100,0.548765833,0.121542691
-0.611786453,0.539568202,0.109337842
-0.625595270,0.529728599,0.096954601
-0.638854521,0.519328180,0.084429760
-0.651473566,0.508315531,0.071766933
-0.663480981,0.496756907,0.058997826
-0.674852503,0.484664147,0.046140210
-0.685528341,0.472026242,0.033211502
-0.695569297,0.458921631,0.020238123
-0.704852034,0.445296783,0.007235764
-0.713460752,0.431241756,-0.005771170
-0.721326097,0.416743036,-0.018762975
-0.728444813,0.401832193,-0.031717599
-0.734844177,0.386551912,-0.044618276
-0.740424787,0.370885378,-0.057435100
-0.745283653,0.354906515,-0.070159540
-0.749324871,0.338603946,-0.082759571
-0.752590780,0.322024985,-0.095221612
-0.755090908,0.305199016,-0.107530325
-0.756740885,0.288131295,-0.119647548
-0.757633265,0.270875791,-0.131576021
-0.757713270,0.253446405,-0.143284101
-0.756972509,0.235872410,-0.154749181
-0.755464191,0.218189884,-0.165969541
-0.753141638,0.200420626,-0.176911725
-0.750008146,0.182596059,-0.187556550
-0.746108657,0.164746873,-0.197902439
-0.741442476,0.146899786,-0.207931659
-0.735952866,0.129087570,-0.217599483
-0.729712289,0.111337530,-0.226917893
-0.722725735,0.093677599,-0.235870729
-0.714999948,0.076136267,-0.244442194
-0.706542356,0.058742715,-0.252616337
-0.697341163,0.041532818,-0.260364949
-0.687440401,0.024528323,-0.267692005
-0.676853834,0.007757319,-0.274584912
-0.665597049,-0.008752385,-0.281032020
-0.653687402,-0.024973434,-0.287022721
-0.641143936,-0.040879119,-0.292547532
-0.627987265,-0.056443532,-0.297598163
-0.614239457,-0.071641728,-0.302167557
-0.599917885,-0.086445292,-0.306244492
-0.585038014,-0.100822723,-0.309814981
-0.569639136,-0.114761648,-0.312887277
-0.553748243,-0.128242104,-0.315459660
-0.537381015,-0.141232136,-0.317517998
-0.520560968,-0.153705612,-0.319055189
-0.503333177,-0.165663839,-0.320090797
-0.485699090,-0.177050719,-0.320589275
-0.467712328,-0.187883041,-0.320583764
-0.449386699,-0.198118307,-0.320052664
-0.430756791,-0.207745734,-0.319003475
-0.411855297,-0.216754507,-0.317442908
-0.392710952,-0.225124914,-0.315370313
-0.373354342,-0.232839835,-0.312787501
-0.353817311,-0.239884827,-0.309698547
-0.334132447,-0.246248118,-0.306109564
-0.314332634,-0.251920543,-0.302028476
-0.294450677,-0.256895435,-0.297464783
-0.274518396,-0.261146940,-0.292415243
-0.254569947,-0.264685933,-0.286901184
-0.234638771,-0.267486878,-0.280920225
-0.214758041,-0.269557119,-0.274490971
-0.194961471,-0.270886790,-0.267621159
-0.175283120,-0.271470016,-0.260321185
-0.155756793,-0.271304523,-0.252603579
-0.136415597,-0.270391235,-0.244482555
-0.117294305,-0.268725916,-0.235969594
-0.098426333,-0.266310526,-0.227079462
-0.079846289,-0.263144960,-0.217825928
-0.061586476,-0.259235674,-0.208225840
-0.043681063,-0.254585468,-0.198294240
-0.026163053,-0.249200784,-0.188047776
-0.009065773,-0.243088424,-0.177503159
0.007575723,-0.236253811,-0.166676561
0.023731398,-0.228711242,-0.155587475
0.039368364,-0.220471318,-0.144253744
0.054453561,-0.211545838,-0.132693580
0.068955532,-0.201949817,-0.120926138
0.082844419,-0.191700928,-0.108971158
0.096090257,-0.180817545,-0.096848338
0.108660586,-0.169316929,-0.084577013
0.120530016,-0.157223756,-0.072178124
0.131671102,-0.144561408,-0.059672017
0.142055775,-0.131353851,-0.047079092
0.151659217,-0.117628361,-0.034420232
0.160459412,-0.103414581,-0.021716469
0.168434710,-0.088742816,-0.008988786
0.175565418,-0.073644939,0.003741760
0.181833876,-0.058154208,0.016454087
0.187224566,-0.042305107,0.029127116
0.191724264,-0.026133187,0.041739822
0.195322250,-0.009674909,0.054271279
0.198010554,0.007032532,0.066700753
0.199784277,0.023951433,0.079007824
0.200634710,0.041044908,0.091171277
0.200566495,0.058273956,0.103171880
0.199574976,0.075601396,0.114988651
0.197667802,0.092989072,0.126602862
0.194848295,0.110399792,0.137994808
0.191123096,0.127796562,0.149145345
0.186502594,0.145142988,0.160036231
0.181000083,0.162403635,0.170650121
0.174620272,0.179542215,0.180966572
0.167386168,0.196525540,0.190971296
0.159311593,0.213319737,0.200646897
0.150412484,0.229891549,0.209976556
0.140708497,0.246209068,0.218944920
0.130223244,0.262242434,0.227538630
0.118973207,0.277959430,0.235740798
0.106987908,0.293333725,0.243541295
0.094282040,0.308332197,0.250921753
0.080888735,0.322931503,0.257874468
0.066832836,0.337104595,0.264387142
0.052142140,0.350826586,0.270449466
0.036844897,0.364073381,0.276051640
0.020962390,0.376814386,0.281177753
0.004539477,0.389040967,0.285832047
-0.012409195,0.400715690,0.289992268
-0.029838433,0.411833050,0.293664705
-0.047719903,0.422370486,0.296840174
-0.066027487,0.432300244,0.299505392
-0.084721584,0.441613804,0.301663173
-0.103768093,0.450296248,0.303310704
-0.123133810,0.458331083,0.304443854
-0.142786925,0.465696562,0.305054553
-0.162687370,0.472391200,0.305150426
-0.182798449,0.478410416,0.304736222
-0.203089629,0.483725891,0.303799014
-0.223521337,0.488340934,0.302349571
-0.244058125,0.492247336,0.300389838
-0.264663673,0.495438324,0.297922929
-0.285302029,0.497899463,0.294946598
-0.305936761,0.499651321,0.291482794
-0.326531114,0.500665182,0.287519603
-0.347048241,0.500943998,0.283066933
-0.367453968,0.500501602,0.278141604
-0.387712892,0.499336425,0.272750103
-0.407789535,0.497448661,0.266900140
-0.427648524,0.494840285,0.260600636
-0.447254773,0.491515071,0.253861685
-0.466573657,0.487478571,0.246694513
-0.485571188,0.482738094,0.239111417
-0.504214181,0.477302645,0.231125693
-0.522470405,0.471182853,0.222751556
-0.540308721,0.464390884,0.214004043
-0.557699195,0.456940318,0.204898914
-0.574613187,0.448846038,0.195452546
-0.591023413,0.440124082,0.185681827
-0.606903980,0.430791501,0.175604045
-0.622221373,0.420857329,0.165232597
-0.636928491,0.410320587,0.154576906
-0.651028342,0.399228258,0.143668683
-0.664500319,0.387601021,0.132526587
-0.677325111,0.375459944,0.121169271
-0.689427578,0.362787921,0.109601054
-0.700835084,0.349643746,0.097856570
-0.711536832,0.336053663,0.085956211
-0.721496683,0.322028930,0.073915475
-0.730664056,0.307577781,0.061750880
-0.739078521,0.292754538,0.049491356
-0.746728635,0.277583006,0.037155752
-0.753521957,0.262056983,0.024759606
-0.759520697,0.246234779,0.012329742
-0.764721920,0.230143342,-0.000114656
-0.769055292,0.213791293,-0.012552583
-0.772546309,0.197218614,-0.024961981
-0.775217373,0.180459234,-0.037324290
-0.777026573,0.163533164,-0.049616767
-0.777955047,0.146469297,-0.061815494
-0.778052193,0.129304164,-0.073905913
-0.777315548,0.112064414,-0.085869172
-0.775667178,0.094776198,-0.097670609
-0.773185788,0.077474238,-0.109303200
-0.769874548,0.060186204,-0.120748612
-0.765726854,0.042940899,-0.131985643
-0.760703184,0.025773515,-0.142981665
-0.754866940,0.008709356,-0.153732881
-0.748224529,-0.008223115,-0.164221130
-0.740783812,-0.024995147,-0.174428375
-0.732547034,-0.041575753,-0.184333848
-0.723507801,-0.057929117,-0.193911631
-0.713711088,-0.074034780,-0.203157353
-0.703171293,-0.089864719,-0.212054910
-0.691904528,-0.105391180,-0.220588767
-0.679928637,-0.120586826,-0.228744056
-0.667263174,-0.135424885,-0.236506674
-0.653929360,-0.149879299,-0.243863380
-0.639950019,-0.163924871,-0.250801877
-0.625349477,-0.177537394,-0.257310889
-0.610153459,-0.190693787,-0.263380214
-0.594388952,-0.203372198,-0.269000789
-0.578084068,-0.215552110,-0.274164712
-0.561252495,-0.227197326,-0.278850295
-0.543933154,-0.238296495,-0.283058262
-0.526163402,-0.248839920,-0.286790138
-0.507969924,-0.258805773,-0.290036895
-0.489369525,-0.268154103,-0.292775045
-0.470416561,-0.276904276,-0.295029640
-0.451122714,-0.285003079,-0.296767103
-0.431540098,-0.292475024,-0.298015528
-0.411683767,-0.299262640,-0.298739230
-0.391601764,-0.305387801,-0.298963657
-0.371325261,-0.310832954,-0.298683805
-0.350886524,-0.315576960,-0.297892493
-0.330322013,-0.319611991,-0.296592521
-0.309668465,-0.322936479,-0.294791007
-0.288961375,-0.325543114,-0.292490915
-0.268236623,-0.327422542,-0.289693920
-0.247530985,-0.328565435,-0.286401925
-0.226880299,-0.328979782,-0.282628360
-0.206320485,-0.328662151,-0.278378936
-0.185889854,-0.327600007,-0.273653715
-0.165622819,-0.325805222,-0.268468416
-0.145555276,-0.323278437,-0.262831456
-0.125724852,-0.320017190,-0.256749494
-0.106167539,-0.316026196,-0.250233643
-0.086919828,-0.311309605,-0.243294675
-0.068016314,-0.305876335,-0.235946096
-0.049489831,-0.299738225,-0.228202901
-0.031378975,-0.292897605,-0.220074791
-0.013713833,-0.285371695,-0.211579542
0.003465899,-0.277163975,-0.202727538
0.020130095,-0.268292616,-0.193536830
0.036246321,-0.258772565,-0.184023559
0.051777591,-0.248614842,-0.174201886
0.066696912,-0.237842023,-0.164091382
0.080971405,-0.226471029,-0.153708689
0.094572288,-0.214523357,-0.143072322
0.107465580,-0.202017247,-0.132199211
0.119625879,-0.188978656,-0.121109339
0.131024273,-0.175431529,-0.109821549
0.141633404,-0.161401889,-0.098355277
0.151431586,-0.146919744,-0.086731096
0.160391563,-0.132012767,-0.074968498
0.168494177,-0.116713501,-0.063088315
0.175713935,-0.101052493,-0.051110598
0.182036800,-0.085065653,-0.039056645
0.187445216,-0.068787847,-0.026947232
0.191924211,-0.052255404,-0.014803336
0.195460277,-0.035505635,-0.002646051
0.198043342,-0.018577107,0.009503423
0.199667211,-0.001509274,0.021623954
0.200327060,0.015658165,0.033694478
0.200020921,0.032885191,0.045694050
0.198749860,0.050131732,0.057601932
0.196510601,0.067357479,0.069396665
0.193315640,0.084522754,0.081058579
0.189168132,0.101587799,0.092566732
0.184082713,0.118514373,0.103901909
0.178065187,0.135263161,0.115043066
0.171134048,0.151797485,0.125971567
0.163306251,0.168081150,0.136668530
0.154599362,0.184078591,0.147115115
0.145030249,0.199754099,0.157291955
0.134629250,0.215078014,0.167184125
0.123409430,0.230013668,0.176770600
0.111403814,0.244534118,0.186037619
0.098636604,0.258608887,0.194968193
0.085135122,0.272209539,0.203546538
0.070929861,0.285310335,0.211758509
0.056049779,0.297885019,0.219589261
0.040523810,0.309907212,0.227023621
0.024387800,0.321357246,0.234050952
0.007675416,0.332214516,0.240659681
-0.009581830,0.342456407,0.246836625
-0.027350039,0.352062751,0.252570167
-0.045593144,0.361016352,0.257850611
-0.064273240,0.369303563,0.262670558
-0.083351083,0.376914891,0.267025315
-0.102797806,0.383821301,0.270896684
-0.122565156,0.390032571,0.274292963
-0.142626211,0.395511760,0.277190454
-0.162934361,0.400269691,0.279597953
-0.183452631,0.404294993,0.281509057
-0.204142888,0.407578666,0.282918939
-0.224966145,0.410114314,0.283824497
-0.245882931,0.411898360,0.284224495
-0.266853737,0.412930213,0.284119667
-0.287839517,0.413212413,0.283512802
-0.308802062,0.412748306,0.282407188
-0.329699669,0.411512449,0.280786926
-0.350497039,0.409543591,0.278678882
-0.371153367,0.406825785,0.276073460
-0.391631777,0.403372928,0.272980920
-0.411892721,0.399184736,0.269402096
-0.431906353,0.394290435,0.265357308
-0.451619519,0.388658080,0.260826549
-0.471012258,0.382337935,0.255843952
-0.490048932,0.375338058,0.250415812
-0.508682077,0.367649581,0.244537412
-0.526881890,0.359296209,0.238225360
-0.544621009,0.350302248,0.231496612
-0.561866398,0.340682716,0.224362051
-0.578585923,0.330454222,0.216833604
-0.594748495,0.319634900,0.208924193
-0.610324199,0.308244336,0.200647679
-0.625284402,0.296303466,0.192018798
-0.639601854,0.283834486,0.183053090
-0.653250763,0.270860734,0.173766826
-0.666206858,0.257406580,0.164176930
-0.678447427,0.243497309,0.154300894
-0.689951333,0.229159002,0.144156711
-0.700699024,0.214418429,0.133762786
-0.710672502,0.199302938,0.123137877
-0.719855302,0.183840362,0.112301028
-0.728230042,0.168058091,0.101271003
-0.735749288,0.151974564,0.090061359
-0.742432946,0.135631779,0.078699678
-0.748270703,0.119059334,0.067206022
-0.753253589,0.102286961,0.055600513
-0.757373920,0.085344510,0.043903309
-0.760611806,0.068260279,0.032133847
-0.762937039,0.051063842,0.020312679
-0.764383079,0.033791497,0.008463218
-0.764947841,0.016473592,-0.003394189
-0.764630390,-0.000859492,-0.015239210
-0.763429632,-0.018177256,-0.027051434
-0.761299550,-0.035444621,-0.038806238
-0.758293883,-0.052632042,-0.050485260
-0.754417241,-0.069709239,-0.062068390
-0.749675470,-0.086645956,-0.073535570
-0.744075714,-0.103411970,-0.084866808
-0.737618084,-0.119974786,-0.096040416
-0.730295682,-0.136297845,-0.107031819
-0.722150140,-0.152358863,-0.117827230
-0.713194696,-0.168128785,-0.128407611
-0.703444090,-0.183578872,-0.138754188
-0.692914609,-0.198680788,-0.148848506
-0.681624128,-0.213406697,-0.158672483
-0.669592122,-0.227729361,-0.168208499
-0.656839669,-0.241622255,-0.177439455
-0.643389432,-0.255059686,-0.186348855
-0.629265625,-0.268016900,-0.194920889
-0.614493949,-0.280470205,-0.203140498
-0.599101522,-0.292397077,-0.210993453
-0.583116785,-0.303776263,-0.218466419
-0.566569389,-0.314587876,-0.225547014
-0.549490076,-0.324813474,-0.232223862
-0.531910546,-0.334436136,-0.238486633
-0.513852467,-0.343424742,-0.244315318
-0.495350906,-0.351764077,-0.249700848
-0.476449824,-0.359455175,-0.254645201
-0.457181752,-0.366483711,-0.259139857
-0.437564942,-0.372802557,-0.263154171
-0.417655623,-0.378443887,-0.266711160
-0.397475852,-0.383363299,-0.269782133
-0.377071078,-0.387577507,-0.272379581
-0.356470525,-0.391050265,-0.274480474
-0.335718585,-0.393804517,-0.276101427
-0.314848025,-0.395810973,-0.277224161
-0.293898517,-0.397069572,-0.277849965
-0.272908812,-0.397585433,-0.277983540
-0.251916700,-0.397353293,-0.277622708
-0.230960611,-0.396370839,-0.276767280
-0.210079124,-0.394638622,-0.275418973
-0.189310536,-0.392159902,-0.273581301
-0.168692498,-0.388940480,-0.271259441
-0.148264407,-0.384979756,-0.268454402
-0.128065670,-0.380280617,-0.265169503
-0.108128774,-0.374865158,-0.261420500
-0.088498895,-0.368722354,-0.257201701
-0.069207381,-0.361876163,-0.252530021
-0.050291436,-0.354335640,-0.247412704
-0.031788849,-0.346110394,-0.241857339
-0.013736005,-0.337213558,-0.235873739
0.003832478,-0.327661270,-0.229473570
0.020883983,-0.317472191,-0.222670017
0.037383451,-0.306662345,-0.215474496
0.053295376,-0.295248333,-0.207898690
0.068589390,-0.283252695,-0.199957889
0.083234952,-0.270697706,-0.191667043
0.097199459,-0.257604572,-0.183040250
0.110452944,-0.243997432,-0.174093228
0.122968094,-0.229902746,-0.164842894
0.134717700,-0.215347436,-0.155306176
0.145670065,-0.200356828,-0.145498697
0.155805285,-0.184963346,-0.135440153
0.165098403,-0.169197078,-0.125148419
0.173525117,-0.153089371,-0.114641747
0.181064088,-0.136673614,-0.103939239
0.187696759,-0.119984789,-0.093060556
0.193407165,-0.103059126,-0.082025714
0.198177410,-0.085933092,-0.070854393
0.201993474,-0.068644823,-0.059566894
0.204845453,-0.051233702,-0.048183929
0.206724848,-0.033739643,-0.036726180
0.207619954,-0.016203191,-0.025214228
0.207531759,0.001334138,-0.013669299
0.206458013,0.018830842,-0.002112274
0.204396250,0.036244757,0.009435805
0.201351032,0.053533849,0.020953849
0.197331091,0.070656770,0.032421019
0.192344746,0.087572209,0.043816498
0.186398637,0.104237999,0.055119026
0.179514686,0.120616340,0.066308897
0.171700813,0.136665242,0.077364589
0.162983549,0.152349480,0.088267132
0.153380309,0.167630857,0.098996112
0.142912608,0.182472890,0.109531545
0.131608598,0.196843030,0.119854908
0.119495459,0.210709027,0.129947550
0.106597541,0.224036877,0.139789673
0.092949611,0.236800264,0.149364748
0.078583324,0.248971765,0.158655482
0.063530497,0.260524464,0.167644514
0.047823367,0.271431972,0.176314426
0.031500407,0.281674833,0.184650975
0.014597651,0.291232165,0.192638998
-0.002847788,0.300085017,0.200264089
-0.020802082,0.308209655,0.207509078
-0.039218566,0.315602557,0.214367239
-0.058066332,0.322235625,0.220818650
-0.077299129,0.328107814,0.226857683
-0.096878518,0.333205291,0.232471743
-0.116764498,0.337517190,0.237649676
-0.136915838,0.341036007,0.242382063
-0.157290535,0.343758007,0.246661527
-0.177846402,0.345683609,0.250483064
-0.198544248,0.346797153,0.253832240
-0.219340027,0.347112246,0.256711589
-0.240193431,0.346616640,0.259108427
-0.261062308,0.345327480,0.261027529
-0.281905708,0.343238971,0.262459900
-0.302681573,0.340350978,0.263399768
-0.323349739,0.336679777,0.263851496
-0.343869883,0.332232783,0.263814026
-0.364202327,0.327020166,0.263288028
-0.384308487,0.321054845,0.262275949
-0.404142617,0.314331785,0.260768378
-0.423672267,0.306882805,0.258779988
-0.442863307,0.298728455,0.256318401
-0.461671667,0.289870622,0.253378562
-0.480061854,0.280330332,0.249968163
-0.498007621,0.270139076,0.246102496
-0.515458473,0.259295673,0.241773726
-0.532397221,0.247842027,0.237004686
-0.548785209,0.235792839,0.231798780
-0.564581631,0.223162817,0.226159098
-0.579777648,0.209996478,0.220111222
-0.594332937,0.196308530,0.213658309
-0.608203952,0.182114742,0.206803694
-0.621387225,0.167459680,0.199573746
-0.633856335,0.152369711,0.191980607
-0.645586257,0.136872453,0.184037376
-0.656553474,0.120996687,0.175758065
-0.666718878,0.104765455,0.167151014
-0.676080021,0.088218125,0.158239603
-0.684620617,0.071386859,0.149040897
-0.692324139,0.054303645,0.139571831
-0.699175825,0.037001061,0.129849942
-0.705162697,0.019512177,0.119893314
-0.710273556,0.001870447,0.109720516
-0.714498991,-0.015890383,0.099350547
-0.717831361,-0.033736361,0.088802772
-0.720264772,-0.051633418,0.078096885
-0.721795056,-0.069547435,0.067252843
-0.722419745,-0.087444312,0.056290833
-0.722138039,-0.105290030,0.045231234
-0.720950785,-0.123050697,0.034094569
-0.718848311,-0.140690527,0.022901015
-0.715842348,-0.158176207,0.011672293
-0.711943154,-0.175475105,0.000429489
-0.707158436,-0.192554429,-0.010806567
-0.701497452,-0.209381798,-0.022015081
-0.694971006,-0.225925287,-0.033175322
-0.687591437,-0.242153473,-0.044266644
-0.679372615,-0.258035481,-0.055268521
-0.670329946,-0.273541038,-0.066160581
-0.660480367,-0.288640532,-0.076922632
-0.649842347,-0.303305080,-0.087534715
-0.638435881,-0.317506593,-0.097977140
-0.626282479,-0.331217858,-0.108230533
-0.613405146,-0.344412619,-0.118275896
-0.599828359,-0.357065658,-0.128094656
-0.585578023,-0.369152886,-0.137668720
-0.570681424,-0.380651426,-0.146980544
-0.555167167,-0.391539700,-0.156013185
-0.539065102,-0.401797513,-0.164750364
-0.522406234,-0.411406124,-0.173176527
-0.505222630,-0.420348322,-0.181276895
-0.487541016,-0.428598909,-0.189032668
-0.469390972,-0.436134124,-0.196425523
-0.450818590,-0.442957200,-0.203451003
-0.431859447,-0.449057647,-0.210097921
-0.412547091,-0.454420967,-0.216352985
-0.392905813,-0.459006312,-0.222188448
-0.372989441,-0.462844846,-0.227615544
-0.352829754,-0.465914806,-0.232616930
-0.332461139,-0.468194663,-0.237175069
-0.311929581,-0.469710749,-0.241299428
-0.291266766,-0.470420677,-0.244960421
-0.270517445,-0.470356864,-0.248171352
-0.249718623,-0.469502583,-0.250917261
-0.228910776,-0.467852147,-0.253189331
-0.208133370,-0.465425082,-0.254993937
-0.187425591,-0.462219749,-0.256324884
-0.166827519,-0.458237055,-0.257177388
-0.146380373,-0.453477998,-0.257546589
-0.126121752,-0.447960352,-0.257438128
-0.106091535,-0.441690352,-0.256850473
-0.086330374,-0.434674767,-0.255782317
-0.066874448,-0.426932410,-0.254240138
-0.047759620,-0.418480419,-0.252229460
-0.029027066,-0.409326320,-0.249749367
-0.010713652,-0.399487159,-0.246805190
0.007145880,-0.388983466,-0.243404605
0.024519108,-0.377837753,-0.239556754
0.041361116,-0.366058346,-0.235260642
0.057645349,-0.353676318,-0.230531228
0.073338152,-0.340713746,-0.225377119
0.088407467,-0.327194742,-0.219808283
0.102817904,-0.313141435,-0.213832985
0.116540115,-0.298581602,-0.207463561
0.129552119,-0.283547728,-0.200716038
0.141812452,-0.268060402,-0.193596587
0.153304267,-0.252155944,-0.186123920
0.163999591,-0.235864077,-0.178311134
0.173872435,-0.219216419,-0.170172510
0.182900011,-0.202246594,-0.161723725
0.191062612,-0.184989707,-0.152981505
0.198337089,-0.167480379,-0.143961503
0.204706019,-0.149755574,-0.134681249
0.210151949,-0.131852849,-0.125158268
0.214662415,-0.113811125,-0.115411261
0.218222265,-0.095669516,-0.105458238
0.220819773,-0.077468368,-0.095318021
0.222446384,-0.059248872,-0.085009998
0.223096486,-0.041052772,-0.074553924
0.222767198,-0.022922146,-0.063969788
0.221449153,-0.004900603,-0.053276889
0.219151516,0.012969840,-0.042496433
0.215870768,0.030644824,-0.031648350
0.211618953,0.048082605,-0.020753581
0.206396067,0.065237835,-0.009832539
0.200221284,0.082070356,0.001093859
0.193103419,0.098536500,0.012004906
0.185059948,0.114595319,0.022879838
0.176112511,0.130207970,0.033698210
0.166276788,0.145332206,0.044438983
0.155583530,0.159934234,0.055082437
0.144053220,0.173974189,0.065607644
0.131717269,0.187419419,0.075994998
0.118606836,0.200237825,0.086224974
0.104753055,0.212397596,0.096277941
0.090189330,0.223869073,0.106134603
0.074951319,0.234625149,0.115776164
0.059076869,0.244641734,0.125184545
0.042605877,0.253898303,0.134342655
0.025574396,0.262369721,0.143231616
0.008026707,0.270043293,0.151836616
-0.010000834,0.276894547,0.160138405
-0.028462413,0.282915727,0.168123649
-0.047316281,0.288093450,0.175776815
-0.066519371,0.292417956,0.183083600
-0.086027806,0.295883196,0.190031111
-0.105801095,0.298471977,0.196601418
-0.125790666,0.300197204,0.202789557
-0.145956322,0.301040189,0.208576478
-0.166251582,0.301013377,0.213957091
-0.186633339,0.300114871,0.218919732
-0.207057926,0.298346064,0.223454105
-0.227481542,0.295711899,0.227551527
-0.247860778,0.292221070,0.231205183
-0.268153247,0.287886168,0.234410373
-0.288316127,0.282713309,0.237158923
-0.308306210,0.276711093,0.239443714
-0.328084561,0.269903276,0.241266322
-0.347608937,0.262299413,0.242620219
-0.366836869,0.253911061,0.243499761
-0.385733076,0.244767121,0.243909908
-0.404258163,0.234884572,0.243848473
-0.422373637,0.224282955,0.243314757
-0.440042246,0.212984297,0.242309612
-0.457228344,0.201013002,0.240835487
-0.473898247,0.188395667,0.238896441
-0.490020597,0.175160848,0.236498130
-0.505566692,0.161338760,0.233647747
-0.520487425,0.146941705,0.230337905
-0.534769158,0.132014948,0.226587432
-0.548393719,0.116595038,0.222409548
-0.561296962,0.100688485,0.217789784
-0.573501898,0.084358889,0.212766202
-0.584934103,0.067610694,0.207320450
-0.595622635,0.050504486,0.201490743
-0.605496410,0.033052286,0.195263415
-0.614572695,0.015304824,0.188668503
-0.622834873,-0.002703232,0.181718671
-0.630224234,-0.020947012,0.174410065
-0.636769762,-0.039377962,0.166774864
-0.642456598,-0.057960985,0.158826428
-0.647256472,-0.076661657,0.150574067
-0.651150279,-0.095442235,0.142031273
-0.654154059,-0.114262891,0.133222300
-0.656260709,-0.133086713,0.124163548
-0.657465088,-0.151876578,0.114872058
-0.657764017,-0.170595271,0.105365461
-0.657148935,-0.189204411,0.095660478
-0.655613550,-0.207664650,0.085774934
-0.653177127,-0.225941389,0.075731360
-0.649844249,-0.243998320,0.065549079
-0.645621388,-0.261799542,0.055247721
-0.640516869,-0.279309646,0.044847190
-0.634540845,-0.296493804,0.034367603
-0.627705263,-0.313317843,0.023829237
-0.620023824,-0.329748324,0.013252492
-0.611511945,-0.345752621,0.002657837
-0.602186726,-0.361298981,-0.007934241
-0.592066901,-0.376356604,-0.018503276
-0.581172793,-0.390895709,-0.029028868
-0.569526279,-0.404887597,-0.039490742
-0.557145445,-0.418300207,-0.049868003
-0.544053475,-0.431104633,-0.060139915
-0.530283412,-0.443281027,-0.070287528
-0.515862866,-0.454805517,-0.080291401
-0.500820758,-0.465655652,-0.090132442
-0.485187243,-0.475810471,-0.099791964
-0.468993639,-0.485250561,-0.109251742
-0.452272335,-0.493958125,-0.118494058
-0.435056703,-0.501917029,-0.127501759
-0.417365580,-0.509084792,-0.136248667
-0.399249342,-0.515471164,-0.144725781
-0.380745485,-0.521067798,-0.152918702
-0.361890565,-0.525865710,-0.160812990
-0.342713614,-0.529834504,-0.168385685
-0.323254643,-0.532968113,-0.175622865
-0.303559515,-0.535284444,-0.182520868
-0.283661261,-0.536758113,-0.189058161
-0.263598903,-0.537380102,-0.195219679
-0.243417413,-0.537183979,-0.201009778
-0.223150248,-0.536110046,-0.206389915
-0.202842793,-0.534227241,-0.211381822
-0.182533729,-0.531474448,-0.215944881
-0.162262977,-0.527910724,-0.220097451
-0.142072227,-0.523509663,-0.223815266
-0.122002083,-0.518286779,-0.227095049
-0.102090275,-0.512262660,-0.229936821
-0.082376950,-0.505443239,-0.232332736
-0.062905880,-0.497828366,-0.234270984
-0.043713927,-0.489442090,-0.235753577
-0.024838773,-0.480302544,-0.236779392
-0.006318557,-0.470426511,-0.237346538
0.011809676,-0.459833260,-0.237454647
0.029503207,-0.448534034,-0.237097885
0.046729713,-0.436557598,-0.236281853
0.063458124,-0.423932208,-0.235012239
0.079648838,-0.410675568,-0.233287236
0.095267343,-0.396812766,-0.231110042
0.110283823,-0.382373963,-0.228487596
0.124670621,-0.367390073,-0.225427772
0.138383023,-0.351879427,-0.221927642
0.151403238,-0.335881997,-0.218002125
0.163701479,-0.319427987,-0.213658063
0.175250636,-0.302549895,-0.208904089
0.186026423,-0.285282005,-0.203750404
0.195994208,-0.267654744,-0.198202435
0.205143723,-0.249709434,-0.192277430
0.213447795,-0.231480492,-0.185984560
0.220891588,-0.213006859,-0.179338417
0.227445869,-0.194324443,-0.172348026
0.233103025,-0.175474819,-0.165030880
0.237846867,-0.156497659,-0.157400999
0.241664715,-0.137433693,-0.149473645
0.244540128,-0.118324231,-0.141263049
0.246467819,-0.099211722,-0.132786794
0.247442349,-0.080138674,-0.124062152
0.247454382,-0.061148469,-0.115105381
0.246501013,-0.042284926,-0.105934386
0.244583975,-0.023591583,-0.096567896
0.241703509,-0.005112746,-0.087024194
0.237863261,0.013107275,-0.077322148
0.233070012,0.031024403,-0.067481031
0.227333439,0.048594985,-0.057520390
0.220660794,0.065773523,-0.047459498
0.213069372,0.082518048,-0.037318648
0.204578705,0.098787735,-0.027118014
0.195199789,0.114536121,-0.016877363
0.184963408,0.129727979,-0.006617279
0.173887409,0.144319524,0.003642058
0.162003240,0.158276141,0.013880408
0.149337435,0.171559287,0.024077454
0.135922299,0.184134955,0.034213058
0.121794010,0.195973231,0.044267531
0.106982388,0.207036989,0.054220168
0.091530123,0.217303657,0.064052056
0.075475539,0.226746384,0.073743721
0.058858710,0.235340727,0.083275910
0.041721380,0.243064946,0.092629696
0.024106827,0.249900346,0.101786606
0.006059668,0.255831654,0.110728799
-0.012374406,0.260847440,0.119439279
-0.031152432,0.264929638,0.127899062
-0.050225329,0.268078445,0.136093955
-0.069549523,0.270277910,0.144005010
-0.089076382,0.271532039,0.151619023
-0.108759905,0.271837193,0.158920415
-0.128553621,0.271193354,0.165894570
-0.148411007,0.269604433,0.172528098
-0.168286015,0.267078571,0.178809137
-0.188132666,0.263615511,0.184722407
-0.207905888,0.259233008,0.190259601
-0.227560183,0.253935992,0.195407172
-0.247052615,0.247746004,0.200158602
-0.266339285,0.240674869,0.204503174
-0.285376786,0.232737708,0.208431444
-0.304122655,0.223953017,0.211935441
-0.322535884,0.214342688,0.215008865
-0.340577500,0.203931938,0.217647290
-0.358211206,0.192749150,0.219848337
-0.375393072,0.180809324,0.221601755
-0.392091526,0.168148449,0.222909562
-0.408266575,0.154788712,0.223765472
-0.423892952,0.140770899,0.224175457
-0.438923913,0.126110722,0.224128228
-0.453335385,0.110849404,0.223630249
-0.467098996,0.095021913,0.222684036
-0.480184859,0.078661600,0.221290908
-0.492565187,0.061803619,0.219453595
-0.504214548,0.044484702,0.217176245
-0.515110081,0.026742875,0.214464408
-0.525231691,0.008617141,0.211324996
-0.534557111,-0.009854771,0.207763624
-0.543050928,-0.028638701,0.203779715
-0.550719323,-0.047685851,0.199393454
-0.557553653,-0.066955703,0.194616481
-0.563496528,-0.086416707,0.189439077
-0.568586085,-0.106017503,0.183894173
-0.572780103,-0.125722132,0.177979264
-0.576090372,-0.145486706,0.171714764
-0.578492789,-0.165270679,0.165106551
-0.580008678,-0.185032698,0.158177630
-0.580594601,-0.204729014,0.150927868
-0.580298826,-0.224322820,0.143388598
-0.579081965,-0.243767863,0.135562085
-0.576962828,-0.263025537,0.127469386
-0.573964239,-0.282060694,0.119131781
-0.570061856,-0.300825175,0.110557801
-0.565271814,-0.319281138,0.101767216
-0.559623472,-0.337397510,0.092782232
-0.553127083,-0.355137387,0.083620096
-0.545762647,-0.372447006,0.074292973
-0.537571767,-0.389302456,0.064824983
-0.528577688,-0.405672889,0.055235971
-0.518798221,-0.421524821,0.045544721
-0.508245822,-0.436820255,0.035769668
-0.496926279,-0.451513540,0.025929560
-0.484887311,-0.465592719,0.016046417
-0.472153398,-0.479029140,0.006139713
-0.458750525,-0.491795537,-0.003771029
-0.444703907,-0.503863512,-0.013666162
-0.430022880,-0.515183497,-0.023524225
-0.414761169,-0.525758653,-0.033326509
-0.398950076,-0.535567951,-0.043053814
-0.382622018,-0.544592072,-0.052687154
-0.365805555,-0.552804552,-0.062206379
-0.348525697,-0.560168425,-0.071588858
-0.330834348,-0.566697591,-0.080820486
-0.312767576,-0.572380078,-0.089883629
-0.294358954,-0.577196874,-0.098759025
-0.275637498,-0.581109540,-0.107422072
-0.256655365,-0.584148975,-0.115864773
-0.237450601,-0.586311141,-0.124071675
-0.218052862,-0.587543204,-0.132012760
-0.198511828,-0.587888507,-0.139685483
-0.178866088,-0.587343312,-0.147074339
-0.159153475,-0.585870346,-0.154151975
-0.139417491,-0.583526708,-0.160923131
-0.119698897,-0.580260722,-0.167354205
-0.100036397,-0.576131943,-0.173452599
-0.080475345,-0.571098714,-0.179186688
-0.061049512,-0.565220435,-0.184565656
-0.041808373,-0.558459370,-0.189557821
-0.022784844,-0.550864477,-0.194168927
-0.004017049,-0.542449865,-0.198390227
0.014445195,-0.533203448,-0.202199249
0.032571063,-0.523166902,-0.205599907
0.050322918,-0.512359614,-0.208585588
0.067662467,-0.500800632,-0.211149329
0.084552276,-0.488511723,-0.213285475
0.100956084,-0.475517190,-0.214989734
0.116839082,-0.461843671,-0.216259197
0.132168151,-0.447519902,-0.217092333
0.146912047,-0.432576464,-0.217488973
0.161041563,-0.417045527,-0.217450259
0.174510807,-0.400945842,-0.216966439
0.187307775,-0.384325116,-0.216050518
0.199397554,-0.367211884,-0.214700252
0.210754765,-0.349642137,-0.212919542
0.221348934,-0.331649667,-0.210709631
0.231165077,-0.313276384,-0.208080282
0.240176865,-0.294558283,-0.205034981
0.248361022,-0.275533709,-0.201579125
0.255697417,-0.256242760,-0.197719837
0.262169110,-0.236726776,-0.193465775
0.267762293,-0.217027872,-0.188826944
0.272466208,-0.197188549,-0.183814501
0.276259743,-0.177250520,-0.178435453
0.279139958,-0.157257827,-0.172704127
0.281089616,-0.137254178,-0.166629380
0.282109814,-0.117283873,-0.160226805
0.282192526,-0.097391494,-0.153508588
0.281333646,-0.077622163,-0.146488324
0.279532700,-0.058021071,-0.139180740
0.276792582,-0.038633120,-0.131601452
0.273117778,-0.019503133,-0.123766371
0.268505679,-0.000679143,-0.115689587
0.262975654,0.017797690,-0.107390657
0.256529137,0.035879098,-0.098884588
0.249182109,0.053521818,-0.090189738
0.240950656,0.070682487,-0.081324207
0.231851336,0.087317327,-0.072306050
0.221903884,0.103383649,-0.063153794
0.211130949,0.118840013,-0.053886302
0.199557854,0.133646358,-0.044522672
0.187212398,0.147764086,-0.035082155
0.174121307,0.161152549,-0.025583923
0.160318881,0.173777724,-0.016047704
0.145840985,0.185607372,-0.006493085
0.130722840,0.196608052,0.003060410
0.115000872,0.206746596,0.012593060
0.098718835,0.216000211,0.022085453
0.081918418,0.224343504,0.031518220
0.064641246,0.231749874,0.040871712
0.046933528,0.238201221,0.050126864
0.028842100,0.243681736,0.059264886
0.010413980,0.248176630,0.068267057
-0.008302870,0.251674198,0.077114954
-0.027259761,0.254166066,0.085790567
-0.046407555,0.255647453,0.094276419
-0.065697616,0.256110686,0.102554248
-0.085079985,0.255558831,0.110607802
-0.104505508,0.253997504,0.118421488
-0.123925312,0.251425216,0.125977762
-0.143290765,0.247853431,0.133262170
-0.162554110,0.243293913,0.140260388
-0.181667872,0.237757493,0.146957704
-0.200585288,0.231258614,0.153340325
-0.219260773,0.223815459,0.159395597
-0.237650480,0.215450031,0.165112248
-0.255709785,0.206180723,0.170477593
-0.273395422,0.196030145,0.175480309
-0.290668016,0.185028027,0.180112153
-0.307489202,0.173203958,0.184365067
-0.323813154,0.160575432,0.188224924
-0.339608619,0.147183332,0.191688922
-0.354839352,0.133058928,0.194749800
-0.369471434,0.118236174,0.197401755
-0.383473731,0.102751477,0.199640583
