# Hopf drift winding s64_150 (Shallow 150°), 10 circuits, unit ball; ccsim.geometry.hopf_drift('s64_150', 10)
# strand drift, open polyline, 1501 points
x,y,z
0.000000000,1.000000000,0.000000000
-0.015382376,0.999474119,-0.015817079
-0.030741897,0.998148331,-0.031608346
-0.046058734,0.996024684,-0.047353689
-0.061313159,0.993106395,-0.063033098
-0.076474520,0.989312992,-0.078615211
-0.091524538,0.984694342,-0.094081646
-0.106448546,0.979298785,-0.109417687
-0.121227676,0.973134387,-0.124604221
-0.135825133,0.966135504,-0.139603710
-0.150223758,0.958336074,-0.154398871
-0.164417471,0.949800455,-0.168983757
-0.178388996,0.940541202,-0.183340898
-0.192080523,0.930460190,-0.197411356
-0.205505839,0.919670588,-0.211209507
-0.218654731,0.908203786,-0.224725115
-0.231477781,0.896004158,-0.237907915
-0.243964789,0.883109758,-0.250747721
-0.256126933,0.869593926,-0.263256141
-0.267904220,0.855397337,-0.275372202
-0.279300381,0.840577008,-0.287099919
-0.290328113,0.825195916,-0.298452414
-0.300893643,0.809163983,-0.309334422
-0.311067890,0.792622076,-0.319818330
-0.320775305,0.775515673,-0.329827485
-0.330040504,0.757913579,-0.339387124
-0.338825132,0.739814335,-0.348458485
-0.347136131,0.721261642,-0.357048829
-0.354937357,0.702261251,-0.365121690
-0.362257965,0.682871827,-0.372706872
-0.369023293,0.663073121,-0.379728888
-0.375290322,0.642940946,-0.386245764
-0.381013101,0.622477690,-0.392211169
-0.386176859,0.601711318,-0.397610428
-0.390802849,0.580685672,-0.402465334
-0.394877606,0.559425255,-0.406762536
-0.398371084,0.537951396,-0.410471956
-0.401288343,0.516299947,-0.413599050
-0.403634108,0.494504157,-0.416148931
-0.405402172,0.472593807,-0.418115683
-0.406588313,0.450599539,-0.419495421
-0.407190273,0.428552458,-0.420286261
-0.407207698,0.406483781,-0.420488263
-0.406642051,0.384424510,-0.420103337
-0.405475882,0.362407643,-0.419114402
-0.403723968,0.340464218,-0.417536824
-0.401399514,0.318623039,-0.415384372
-0.398483596,0.296919802,-0.412638605
-0.394994839,0.275381837,-0.409318773
-0.390926362,0.254043911,-0.405418602
-0.386298125,0.232930756,-0.400958687
-0.381098602,0.212080246,-0.395928177
-0.375340716,0.191520449,-0.390340689
-0.369035248,0.171279340,-0.384207694
-0.362189364,0.151386790,-0.377537077
-0.354812881,0.131871061,-0.370339364
-0.346903596,0.112770504,-0.362613182
-0.338486858,0.094101695,-0.354384473
-0.329566025,0.075899163,-0.345657369
-0.320158050,0.058185217,-0.336449421
-0.310268318,0.040994433,-0.326766735
-0.299913873,0.024349562,-0.316626857
-0.289107166,0.008278683,-0.306042726
-0.277863033,-0.007192494,-0.295029525
-0.266201563,-0.022045970,-0.283607438
-0.254130796,-0.036244550,-0.271784681
-0.241673463,-0.049773248,-0.259583635
-0.228846288,-0.062607127,-0.247020538
-0.215668023,-0.074723838,-0.234113294
-0.202155556,-0.086095153,-0.220877582
-0.188332768,-0.096707291,-0.207335505
-0.174219650,-0.106536187,-0.193504815
-0.159838515,-0.115561193,-0.179404933
-0.145213618,-0.123765469,-0.165056547
-0.130369022,-0.131128669,-0.150479361
-0.115331183,-0.137636385,-0.135694702
-0.100126632,-0.143270529,-0.120723011
-0.084783706,-0.148016786,-0.105585650
-0.069332039,-0.151863992,-0.090304437
-0.053802111,-0.154801725,-0.074901142
-0.038225263,-0.156817817,-0.059397351
-0.022634074,-0.157907315,-0.043815426
-0.007061632,-0.158065914,-0.028177586
0.008458414,-0.157290559,-0.012506085
0.023892060,-0.155580957,0.003176703
0.039204998,-0.152938107,0.018848301
0.054363529,-0.149368666,0.034486275
0.069334312,-0.144880412,0.050068267
0.084084900,-0.139484100,0.065572077
0.098582651,-0.133188934,0.080975159
0.112797791,-0.126012554,0.096255816
0.126699593,-0.117967762,0.111391556
0.140260922,-0.109075543,0.126361107
0.153454818,-0.099354942,0.141142856
0.166256655,-0.088828282,0.155715906
0.178640104,-0.077513260,0.170057881
0.190586151,-0.065439483,0.184149985
0.202072099,-0.052628205,0.197970903
0.213077717,-0.039103892,0.211500238
0.223586115,-0.024894607,0.224719230
0.233581370,-0.010028166,0.237609427
0.243047292,0.005468917,0.250151872
0.251967643,0.021570678,0.262327214
0.260330148,0.038247382,0.274118487
0.268121606,0.055470910,0.285507856
0.275338000,0.073205781,0.296483957
0.281957440,0.091432254,0.307022272
0.287979512,0.110112951,0.317113821
0.293395013,0.129218459,0.326743152
0.298197883,0.148717474,0.335897122
0.302378922,0.168580779,0.344560035
0.305931520,0.188777299,0.352718041
0.308858981,0.209271724,0.360365424
0.311155316,0.230033713,0.367488933
0.312809840,0.251034064,0.374071152
0.313830762,0.272236783,0.380110606
0.314216815,0.293609945,0.385597935
0.313969953,0.315120980,0.390526614
0.313082771,0.336738744,0.394881679
0.311559475,0.358429435,0.398658367
0.309419745,0.380159610,0.401866531
0.306640825,0.401897577,0.404476630
0.303259050,0.423611276,0.406514506
0.299242272,0.445265493,0.407940896
0.294630602,0.466831291,0.408785999
0.289426257,0.488277105,0.409043766
0.283620322,0.509566793,0.408696530
0.277228940,0.530669668,0.407751559
0.270268504,0.551556555,0.406216756
0.262748804,0.572196487,0.404093376
0.254681426,0.592559231,0.401384554
0.246079685,0.612615633,0.398095338
0.236958523,0.632337977,0.394232684
0.227312596,0.651682827,0.389780479
0.217171000,0.670630518,0.384761056
0.206556964,0.689160478,0.379191013
0.195490764,0.707252066,0.373084163
0.183963707,0.724852682,0.366418949
0.172004075,0.741945203,0.359217627
0.159652926,0.758536247,0.351520517
0.146886169,0.774543940,0.343284164
0.133757592,0.789992590,0.334565375
0.120275802,0.804846145,0.325363116
0.106453036,0.819065436,0.315678992
0.092327043,0.832665998,0.305552502
0.077898396,0.845581487,0.294967395
0.063206531,0.857837356,0.283967282
0.048263210,0.869388118,0.272551748
0.033090262,0.880216209,0.260736937
0.017724124,0.890354980,0.248565646
0.002160147,0.899681947,0.236002531
-0.013549374,0.908310286,0.223125538
-0.029399335,0.916137305,0.209913531
-0.045361886,0.923173335,0.196395410
-0.061406841,0.929471187,0.182613011
-0.077521143,0.934903800,0.168546564
-0.093674424,0.939541647,0.154242545
-0.109843744,0.943412664,0.139729674
-0.126005263,0.946404247,0.125002024
-0.142134901,0.948572118,0.110096411
-0.158212574,0.949956225,0.095041901
-0.174210151,0.950491225,0.079848558
-0.190099853,0.950153683,0.064536708
-0.205869489,0.949027556,0.049139074
-0.221498657,0.947113634,0.033675131
-0.236934767,0.944273848,0.018159685
-0.252183588,0.940650510,0.002623235
-0.267225912,0.936250582,-0.012914313
-0.282020918,0.931013459,-0.028429706
-0.296543263,0.924941500,-0.043898408
-0.310796282,0.918116076,-0.059303016
-0.324760617,0.910543604,-0.074623626
-0.338361246,0.902106352,-0.089819114
-0.351634215,0.892950215,-0.104886684
-0.364563164,0.883088062,-0.119807639
-0.377080365,0.872440070,-0.134538182
-0.389197620,0.861081110,-0.149070562
-0.400920372,0.849064549,-0.163396455
-0.412181547,0.836328192,-0.177468245
-0.422986088,0.822925724,-0.191277064
-0.433352892,0.808923352,-0.204824058
-0.443194518,0.794247209,-0.218045352
-0.452551650,0.778989267,-0.230956166
-0.461417169,0.763176984,-0.243542879
-0.469710329,0.746761293,-0.255741709
-0.477510982,0.729860544,-0.267598189
-0.484718388,0.712414634,-0.279032476
-0.491393893,0.694513406,-0.290079836
-0.497478919,0.676143126,-0.300688538
-0.502997169,0.657355090,-0.310868065
-0.507911543,0.638157703,-0.320581390
-0.512250237,0.618600742,-0.329842625
-0.515954749,0.598683665,-0.338596853
-0.519090926,0.578473172,-0.346889420
-0.521567459,0.557957029,-0.354637479
-0.523446892,0.537196803,-0.361884571
-0.524726974,0.516219463,-0.368621895
-0.525341253,0.495036159,-0.374784225
-0.525345086,0.473696482,-0.380411355
-0.524733879,0.452228785,-0.385491984
-0.523502421,0.430662480,-0.390013986
-0.521643370,0.409028216,-0.393962947
-0.519150615,0.387358626,-0.397325142
-0.516044026,0.365686875,-0.400111146
-0.512326372,0.344044486,-0.402315891
-0.508002444,0.322463082,-0.403936201
-0.503076097,0.300974657,-0.404967955
-0.497541055,0.279614399,-0.405396761
-0.491420598,0.258411039,-0.405237586
-0.484727015,0.237394138,-0.404494887
-0.477467331,0.216594876,-0.403167810
-0.469630202,0.196054124,-0.401235936
-0.461262312,0.175785272,-0.398740003
-0.452335379,0.155840721,-0.395640962
-0.442894436,0.136231460,-0.391978614
-0.432943920,0.116991366,-0.387749146
-0.422484379,0.098160832,-0.382943562
-0.411543777,0.079758292,-0.377583890
-0.400136017,0.061812790,-0.371676430
-0.388277491,0.044351273,-0.365230324
-0.375976700,0.027410972,-0.358244868
-0.363260648,0.011007239,-0.350741938
-0.350146351,-0.004833191,-0.342731312
-0.336649139,-0.020080055,-0.334220320
-0.322789022,-0.034708902,-0.325222041
-0.308588158,-0.048699470,-0.315752503
-0.294066520,-0.062027369,-0.305824636
-0.279246108,-0.074671863,-0.295454041
-0.264145644,-0.086602645,-0.284650845
-0.248792459,-0.097811420,-0.273438328
-0.233205631,-0.108265198,-0.261825941
-0.217411869,-0.117953248,-0.249835371
-0.201435468,-0.126856548,-0.237483767
-0.185300624,-0.134951357,-0.224786673
-0.169034953,-0.142229421,-0.211766206
-0.152664224,-0.148667388,-0.198438557
-0.136216780,-0.154255891,-0.184825232
-0.119720958,-0.158981429,-0.170946094
-0.103206004,-0.162826597,-0.156820114
-0.086702112,-0.165788581,-0.142470192
-0.070240499,-0.167850377,-0.127915583
-0.053852802,-0.169009136,-0.113178855
-0.037571576,-0.169258323,-0.098281539
-0.021430571,-0.168591055,-0.083245195
-0.005462713,-0.167010591,-0.068092721
0.010296788,-0.164512481,-0.052845932
0.025814475,-0.161103548,-0.037527745
0.041055349,-0.156786776,-0.022160616
0.055984619,-0.151568560,-0.006767314
0.070569214,-0.145461235,0.008629282
0.084776092,-0.138477405,0.024006385
0.098573350,-0.130632438,0.039341249
0.111928779,-0.121941285,0.054610920
0.124813700,-0.112425281,0.069792812
0.137200648,-0.102106674,0.084864506
0.149062475,-0.091007413,0.099803400
0.160374157,-0.079151814,0.114587101
0.171114130,-0.066567677,0.129193927
0.181261844,-0.053282644,0.143602277
0.190795413,-0.039322032,0.157789649
0.199701841,-0.024719596,0.171736476
0.207961001,-0.009500712,0.185420128
0.215562505,0.006300807,0.198821576
0.222494788,0.022653680,0.211921185
0.228740873,0.039531269,0.224696380
0.234300903,0.056894992,0.237132578
0.239160388,0.074717646,0.249207879
0.243315406,0.092965322,0.260905489
0.246758113,0.111607034,0.272206355
0.249487072,0.130608729,0.283094855
0.251502889,0.149936384,0.293556713
0.252800786,0.169558768,0.303574330
0.253377555,0.189443868,0.313130799
0.253239644,0.209556699,0.322215457
0.252384900,0.229865475,0.330812012
0.250814290,0.250337218,0.338906017
0.248545249,0.270936525,0.346495092
0.245561266,0.291633633,0.353551972
0.241887673,0.312393036,0.360080457
0.237526311,0.333182775,0.366066970
0.232481836,0.353970162,0.371499816
0.226761970,0.374722190,0.376369602
0.220377723,0.395406074,0.380669673
0.213343555,0.415989921,0.384396569
0.205677459,0.436443553,0.387550491
0.197377118,0.456731787,0.390112831
0.188466534,0.476825556,0.392089165
0.178957560,0.496693356,0.393474093
0.168873900,0.516308400,0.394274038
0.158208542,0.535628964,0.394463488
0.147003014,0.554637903,0.394067879
0.135270889,0.573304804,0.393083740
0.123027532,0.591599550,0.391509194
0.110287363,0.609490119,0.389340709
0.097071477,0.626949225,0.386582406
0.083406101,0.643955420,0.383245347
0.069309354,0.660479584,0.379330398
0.054799262,0.676490689,0.374837454
0.039903840,0.691970274,0.369780470
0.024648242,0.706898010,0.364170209
0.009058149,0.721256063,0.358019049
-0.006840568,0.735029295,0.351340806
-0.023042704,0.748155137,0.344110102
-0.039506871,0.760645202,0.336366018
-0.056201155,0.772503988,0.328136589
-0.073118613,0.783658384,0.319392886
-0.090220848,0.794125797,0.310174327
-0.107478671,0.803913785,0.300508203
-0.124880034,0.812927936,0.290359685
-0.142380153,0.821269176,0.279812879
-0.159968967,0.828788686,0.268805644
-0.177606199,0.835620943,0.257434285
-0.195272762,0.841609260,0.245640296
-0.212939055,0.846898593,0.233516261
-0.230574738,0.851314603,0.221004501
-0.248160242,0.855005845,0.208191140
-0.265659474,0.857853195,0.195049284
-0.283052844,0.859916175,0.181623013
-0.300315344,0.861195906,0.167933230
-0.317405507,0.861612314,0.153975878
-0.334322660,0.861282992,0.139807076
-0.351013587,0.860097383,0.125417945
-0.367467595,0.858113919,0.110844814
-0.383677125,0.855384692,0.096118465
-0.399564579,0.851765393,0.081233941
-0.415156284,0.847399975,0.066237824
-0.430427443,0.842284918,0.051148667
-0.445300573,0.836310506,0.035977770
-0.459814925,0.829617937,0.020759880
-0.473935720,0.822187365,0.005513970
-0.487592301,0.813944429,-0.009737511
-0.500829660,0.805015073,-0.024971709
-0.513604906,0.795373076,-0.040166056
-0.525857818,0.784974854,-0.055292063
-0.537637816,0.773932737,-0.070336925
-0.548887075,0.762208748,-0.085271463
-0.559570812,0.749800718,-0.100068356
-0.569735900,0.736801121,-0.114722113
-0.579295234,0.723150414,-0.129189890
-0.588269366,0.708907560,-0.143460588
-0.596685092,0.694131307,-0.157528296
-0.604413169,0.678738524,-0.171326998
-0.611565455,0.662861777,-0.184885224
-0.618060983,0.646466623,-0.198153303
-0.623905687,0.629590607,-0.211118363
-0.629120235,0.612280153,-0.223775342
-0.633626192,0.594515029,-0.236069950
-0.637514735,0.576382952,-0.248035058
-0.640661313,0.557844013,-0.259588137
-0.643187171,0.538993247,-0.270783087
-0.644964616,0.519799537,-0.281530705
-0.646101182,0.500341503,-0.291881476
-0.646510685,0.480614237,-0.301767651
-0.646242754,0.460667423,-0.311206251
-0.645296230,0.440528282,-0.320183573
-0.643620820,0.420216309,-0.328649622
-0.641285529,0.399777221,-0.336639059
-0.638267007,0.379235101,-0.344121657
-0.634535605,0.358619353,-0.351059591
-0.630143211,0.337966258,-0.357478076
-0.625089193,0.317305288,-0.363362858
-0.619375336,0.296667212,-0.368701055
-0.612996289,0.276085016,-0.373472976
-0.605964647,0.255591302,-0.377673703
-0.598301429,0.235216055,-0.381306394
-0.590016627,0.214990364,-0.384364757
-0.581122239,0.194945016,-0.386844290
-0.571632108,0.175110209,-0.388742282
-0.561542383,0.155524483,-0.390037806
-0.550885802,0.136211244,-0.390746694
-0.539681466,0.117197842,-0.390871891
-0.527948992,0.098510491,-0.390417306
-0.515675301,0.080199536,-0.389349166
-0.502916247,0.062266345,-0.387712343
-0.489662469,0.044761923,-0.385475837
-0.475956357,0.027693045,-0.382671118
-0.461799913,0.011104835,-0.379279187
-0.447221803,-0.004983361,-0.375314612
-0.432245769,-0.020548654,-0.370786338
-0.416892634,-0.035564233,-0.365699155
-0.401185410,-0.050005834,-0.360060812
-0.385148685,-0.063851879,-0.353881581
-0.368803561,-0.077073255,-0.347165449
-0.352176273,-0.089650244,-0.339924875
-0.335294280,-0.101567036,-0.332175087
-0.318182005,-0.112800533,-0.323925476
-0.300864159,-0.123324919,-0.315184389
-0.283369858,-0.133129501,-0.305970608
-0.265726054,-0.142196498,-0.296297838
-0.247959160,-0.150500463,-0.286175723
-0.230098984,-0.158036093,-0.275625759
-0.212173461,-0.164782153,-0.264660452
-0.194211996,-0.170729052,-0.253298630
-0.176244058,-0.175861196,-0.241556165
-0.158299765,-0.180167842,-0.229451378
-0.140409380,-0.183641540,-0.217003879
-0.122604788,-0.186264365,-0.204229286
-0.104916790,-0.188036133,-0.191150108
-0.087377558,-0.188948334,-0.177785533
-0.070019422,-0.188996347,-0.164156076
-0.052876033,-0.188173805,-0.150281765
-0.035979839,-0.186482283,-0.136184718
-0.019365998,-0.183917236,-0.121885429
-0.003067479,-0.180483899,-0.107406564
0.012881492,-0.176185859,-0.092770141
0.028444810,-0.171025203,-0.077997959
0.043590235,-0.165014555,-0.063113300
0.058282538,-0.158161899,-0.048138610
0.072489654,-0.150482521,-0.033096999
0.086175776,-0.141986948,-0.018011242
0.099311558,-0.132696830,-0.002904706
0.111866273,-0.122631832,0.012199520
0.123810060,-0.111813264,0.027278269
0.135113934,-0.100263960,0.042308219
0.145754913,-0.088013188,0.057266525
0.155706926,-0.075086467,0.072129929
0.164950497,-0.061515291,0.086875908
0.173462614,-0.047327390,0.101481117
0.181228753,-0.032556956,0.115923592
0.188233327,-0.017236202,0.130181033
0.194464229,-0.001398912,0.144231771
0.199905086,0.014924398,0.158052538
0.204554171,0.031695288,0.171624184
0.208401022,0.048881491,0.184924760
0.211438599,0.066449307,0.197933031
0.213664286,0.084363645,0.210629123
0.215080924,0.102588296,0.222995359
0.215680340,0.121091683,0.235009285
0.215470009,0.139837353,0.246654997
0.214450764,0.158791767,0.257913688
0.212628200,0.177920652,0.268768755
0.210004093,0.197190879,0.279201543
0.206588604,0.216568198,0.289197751
0.202384842,0.236019666,0.298739161
0.197407232,0.255511616,0.307814085
0.191664659,0.275011323,0.316407729
0.185170379,0.294486366,0.324508120
0.177931517,0.313904099,0.332099126
0.169963235,0.333232289,0.339169881
0.161283943,0.352439969,0.345712302
0.151912913,0.371497075,0.351719367
0.141850792,0.390368538,0.357168974
0.131127948,0.409027095,0.362062840
0.119762629,0.427443022,0.366393383
0.107775342,0.445587758,0.370155178
0.095174493,0.463426226,0.373330918
0.081991006,0.480934271,0.375924585
0.068256158,0.498090864,0.377942396
0.053971130,0.514854039,0.379358002
0.039182569,0.531214468,0.380194896
0.023891321,0.547126483,0.380424129
0.008145822,0.562586777,0.380074222
-0.008040994,0.577558918,0.379129847
-0.024648552,0.592011080,0.377583493
-0.041638366,0.605934676,0.375453997
-0.058985031,0.619305903,0.372742100
-0.076661780,0.632102246,0.369450247
-0.094640650,0.644302701,0.365582624
-0.112892689,0.655887995,0.361145172
-0.131388183,0.666840794,0.356145571
-0.150096934,0.677145880,0.350593185
-0.168988547,0.686790313,0.344498978
-0.188032758,0.695763538,0.337875379
-0.207204561,0.704019593,0.330708670
-0.226468193,0.711565386,0.323026044
-0.245791791,0.718408814,0.314852855
-0.265146946,0.724545966,0.306204665
-0.284502197,0.729889945,0.297045530
-0.303826782,0.734518314,0.287445003
-0.323092607,0.738409954,0.277407379
-0.342260665,0.741498157,0.266914550
-0.361314803,0.743874861,0.256036035
-0.380206501,0.745432863,0.244733721
-0.398923950,0.746259632,0.233071490
-0.417423012,0.746291314,0.221036367
-0.435685844,0.745571460,0.208667803
-0.453673026,0.744066380,0.195969256
-0.471368585,0.741814722,0.182975829
-0.488726351,0.738774259,0.169689798
-0.505748169,0.735015855,0.156155656
-0.522362070,0.730453180,0.142363742
-0.538606993,0.725216295,0.128373009
-0.554370153,0.719161689,0.114163022
-0.569712114,0.712440824,0.099792720
-0.584552393,0.704976744,0.085263928
-0.598889279,0.696813171,0.070605930
-0.612722755,0.687991912,0.055845694
-0.625959202,0.678437378,0.040994331
-0.638671277,0.668276750,0.026087394
-0.650755452,0.657432032,0.011140779
-0.662241633,0.645973252,-0.003819481
-0.673124236,0.633929280,-0.018771203
-0.683309008,0.621247832,-0.033687845
-0.692886133,0.608043526,-0.048553161
-0.701741289,0.594254185,-0.063334163
-0.709924219,0.579952539,-0.078015764
-0.717419980,0.565158542,-0.092575552
-0.724157022,0.549854772,-0.106979039
-0.730231861,0.534134424,-0.121227841
-0.735491121,0.517935883,-0.135263670
-0.740065411,0.501364162,-0.149102319
-0.743849710,0.484393587,-0.162693248
-0.746898819,0.467080367,-0.176035266
-0.749174386,0.449437299,-0.189095652
-0.750685238,0.431496708,-0.201859244
-0.751427037,0.413287214,-0.214304868
-0.751398346,0.394836425,-0.226413857
-0.750591555,0.376172711,-0.238163122
-0.749033848,0.357330579,-0.249547843
-0.746675115,0.338330079,-0.260523174
-0.743604194,0.319214889,-0.271117759
-0.739708849,0.299999665,-0.281250599
-0.735095588,0.280727057,-0.290962289
-0.729747765,0.261422610,-0.300225843
-0.723621043,0.242118010,-0.308992690
-0.716789425,0.222843499,-0.317290677
-0.709254308,0.203627352,-0.325102610
-0.700986732,0.184505057,-0.332387333
-0.692021521,0.165505868,-0.339148379
-0.682383724,0.146657298,-0.345384168
-0.672083783,0.127989502,-0.351082132
-0.661134534,0.109532769,-0.356231161
-0.649551089,0.091317205,-0.360821731
-0.637350683,0.073372433,-0.364845999
-0.624552493,0.055727333,-0.368297856
-0.611177429,0.038409797,-0.371172947
-0.597247919,0.021446536,-0.373468656
-0.582787678,0.004862908,-0.375184072
-0.567821486,-0.011317212,-0.376319925
-0.552349064,-0.027046187,-0.376845873
-0.536421284,-0.042322533,-0.376793579
-0.520057812,-0.057117705,-0.376157609
-0.503272962,-0.071394113,-0.374923400
-0.486105493,-0.085143809,-0.373110828
-0.468578012,-0.098339785,-0.370717382
-0.450711712,-0.110948293,-0.367735413
-0.432542795,-0.122962422,-0.364183869
-0.414097628,-0.134358557,-0.360064855
-0.395404639,-0.145115975,-0.355383643
-0.376493620,-0.155216933,-0.350148268
-0.357395130,-0.164646648,-0.344369131
-0.338137505,-0.173379567,-0.338048415
-0.318753115,-0.181406551,-0.331201234
-0.299273045,-0.188712890,-0.323838348
-0.279728720,-0.195288552,-0.315973651
-0.260151318,-0.201112043,-0.307613611
-0.240573225,-0.206176953,-0.298774918
-0.221026886,-0.210469388,-0.289469495
-0.201544803,-0.213982387,-0.279713566
-0.182158509,-0.216715170,-0.269526506
-0.162903281,-0.218644611,-0.258915802
-0.143810331,-0.219776906,-0.247904649
-0.124913328,-0.220104478,-0.236508864
-0.106245451,-0.219624510,-0.224746663
-0.087841549,-0.218331074,-0.212634983
-0.069733842,-0.216227901,-0.200194823
-0.051958188,-0.213310750,-0.187443915
-0.034546921,-0.209585895,-0.174403947
-0.017533913,-0.205057152,-0.161095414
-0.000956475,-0.199724166,-0.147537555
0.015156007,-0.193602481,-0.133754255
0.030765567,-0.186694487,-0.119765388
0.045840391,-0.179014384,-0.105593905
0.060347467,-0.170575624,-0.091262213
0.074251836,-0.161390871,-0.076792483
0.087523362,-0.151480088,-0.062208066
0.100131268,-0.140863294,-0.047532022
0.112043577,-0.129560471,-0.032787360
0.123232810,-0.117597012,-0.017997596
0.133673237,-0.105000185,-0.003186155
0.143336164,-0.091795485,0.011623483
0.152200921,-0.078015047,0.026407781
0.160247946,-0.063691380,0.041143432
0.167453248,-0.048854357,0.055806578
0.173807439,-0.033542306,0.070374599
0.179289361,-0.017786584,0.084823408
0.183892792,-0.001625812,0.099130695
0.187607573,0.014904203,0.113273526
0.190426897,0.031766827,0.127229327
0.192347998,0.048924775,0.140976229
0.193364377,0.066342501,0.154491169
0.193482470,0.083981662,0.167754297
0.192699836,0.101807016,0.180743205
0.191020686,0.119782349,0.193437159
0.188449750,0.137871995,0.205815421
0.185000063,0.156040249,0.217860322
0.180674080,0.174252925,0.229550067
0.175487273,0.192475611,0.240867984
0.169449408,0.210674725,0.251795056
0.162574985,0.228817242,0.262314378
0.154879834,0.246870904,0.272409863
0.146372975,0.264802614,0.282061550
0.137078437,0.282581992,0.291257783
0.127013788,0.300178253,0.299983579
0.116196370,0.317560669,0.308223724
0.104647588,0.334699866,0.315965625
0.092393073,0.351568695,0.323200058
0.079444278,0.368134107,0.329907145
0.065838894,0.384375043,0.336087251
0.051585668,0.400256276,0.341717539
0.036722901,0.415758810,0.346800063
0.021273192,0.430855327,0.351323809
0.005261847,0.445519873,0.355279917
-0.011283244,0.459728378,0.358662041
-0.028331823,0.473459268,0.361466711
-0.045851636,0.486694113,0.363693691
-0.063822260,0.499400765,0.365327268
-0.082207402,0.511564410,0.366371656
-0.100971264,0.523173488,0.366833329
-0.120092159,0.534193169,0.366695073
-0.139530927,0.544617518,0.365969073
-0.159251343,0.554439669,0.364665559
-0.179233730,0.563611920,0.362756694
-0.199434971,0.572142336,0.360267005
-0.219821600,0.580018757,0.357201544
-0.240360886,0.587226228,0.353562939
-0.261019273,0.593751519,0.349355487
-0.281762615,0.599583275,0.344585172
-0.302556424,0.604712144,0.339259650
-0.323366147,0.609130870,0.333388209
-0.344157460,0.612834373,0.326981698
-0.364896563,0.615819766,0.320052417
-0.385550488,0.618086351,0.312613975
-0.406084982,0.619624178,0.304673523
-0.426458558,0.620401498,0.296224769
-0.446646411,0.620459433,0.287309599
-0.466619784,0.619805116,0.277945789
-0.486335210,0.618405160,0.268126682
-0.505757813,0.616262389,0.257869433
-0.524876976,0.613427910,0.247217428
-0.543635316,0.609848432,0.236154903
-0.562013547,0.605557486,0.224715641
-0.580001760,0.600592708,0.212932508
-0.597516923,0.594877467,0.200783076
-0.614601040,0.588528758,0.188338139
-0.631152341,0.581451877,0.175569624
-0.647212883,0.573751506,0.162538954
-0.662697677,0.565366196,0.149236098
-0.677633040,0.556370759,0.135706573
-0.691945555,0.546725861,0.121952170
-0.705662767,0.536499913,0.108013014
-0.718704882,0.525654535,0.093894382
-0.731119582,0.514269443,0.079636299
-0.742801858,0.502292316,0.065244336
-0.753838021,0.489825295,0.050758890
-0.764080571,0.476794038,0.036187137
-0.773657208,0.463319416,0.021565842
-0.782403350,0.449327780,0.006910089
-0.790442833,0.434925555,-0.007752678
-0.797651065,0.420073632,-0.022398381
-0.804100179,0.404839995,-0.037006477
-0.809723536,0.389222691,-0.051549671
-0.814540787,0.373259751,-0.066007533
-0.818540161,0.356976200,-0.080355953
-0.821696187,0.340391037,-0.094569492
-0.824040809,0.323544688,-0.108631216
-0.825518709,0.306448337,-0.122508743
-0.826186914,0.289146956,-0.136192522
-0.825982470,0.271653307,-0.149645686
-0.824962668,0.254008775,-0.162861532
-0.823084418,0.236233373,-0.175806268
-0.820376105,0.218361182,-0.188466274
-0.816845237,0.200419946,-0.200823737
-0.812459918,0.182438363,-0.212843124
-0.807309923,0.164446231,-0.224540574
-0.801271792,0.146475128,-0.235838879
-0.794477731,0.128551216,-0.246775258
-0.786894144,0.110704092,-0.257312797
-0.778500165,0.092969285,-0.267415589
-0.769368731,0.075366486,-0.277100209
-0.759496458,0.057925415,-0.286342716
-0.748848987,0.040689175,-0.295095683
-0.737499845,0.023671638,-0.303380379
-0.725460552,0.006901048,-0.311180446
-0.712745105,-0.009594070,-0.318480395
-0.699367316,-0.025783831,-0.325263647
-0.685335293,-0.041633246,-0.331507321
-0.670691766,-0.057126087,-0.337217675
-0.655458642,-0.072236294,-0.342384560
-0.639659721,-0.086938719,-0.346999355
-0.623320495,-0.101209333,-0.351055028
-0.606467098,-0.115024595,-0.354545217
-0.589113707,-0.128347780,-0.357448471
-0.571302855,-0.141170161,-0.359776724
-0.553065377,-0.153473705,-0.361529847
-0.534432551,-0.165242147,-0.362709260
-0.515413692,-0.176423684,-0.363280166
-0.496063469,-0.187036590,-0.363280129
-0.476399472,-0.197038276,-0.362684918
-0.456463423,-0.206432871,-0.361515883
-0.436276071,-0.215174404,-0.359747685
-0.415880246,-0.223273075,-0.357406745
-0.395306556,-0.230708571,-0.354491298
-0.374587785,-0.237463836,-0.351002990
-0.353758073,-0.243525107,-0.346946539
-0.332852218,-0.248881843,-0.342329375
-0.311905104,-0.253526591,-0.337161283
-0.290951229,-0.257454794,-0.331454045
-0.270025987,-0.260644419,-0.325206754
-0.249163456,-0.263104434,-0.318441102
-0.228400749,-0.264812558,-0.311156707
-0.207771466,-0.265776678,-0.303374175
-0.187311293,-0.265989611,-0.295103695
-0.167055528,-0.265448678,-0.286358583
-0.147038489,-0.264155131,-0.277154563
-0.127298437,-0.262100521,-0.267501698
-0.107865775,-0.259297971,-0.257422618
-0.088780921,-0.255737468,-0.246926787
-0.070074851,-0.251431329,-0.236036068
-0.051782389,-0.246383793,-0.224767665
-0.033940822,-0.240596696,-0.213137701
-0.016581419,-0.234082720,-0.201167479
0.000259486,-0.226847834,-0.188874975
0.016549926,-0.218905281,-0.176281283
0.032255864,-0.210266575,-0.163406515
0.047345497,-0.200947010,-0.150272076
0.061782390,-0.190958388,-0.136897938
0.075539906,-0.180323561,-0.123307716
0.088584139,-0.169059300,-0.109522611
0.100884653,-0.157187021,-0.095565134
0.112411847,-0.144729996,-0.081458072
0.123139244,-0.131714785,-0.067224756
0.133042093,-0.118169772,-0.052888577
0.142091766,-0.104121953,-0.038472563
0.150269701,-0.089604934,-0.024000626
0.157550132,-0.074649110,-0.009496231
0.163919715,-0.059291367,0.005016734
0.169358528,-0.043565834,0.019514512
0.173854643,-0.027510142,0.033973325
0.177398046,-0.011162317,0.048369547
0.179978227,0.005439806,0.062679354
0.181591083,0.022256958,0.076879355
0.182234774,0.039249982,0.090946384
0.181907587,0.056380192,0.104857129
0.180611155,0.073608869,0.118588558
0.178351006,0.090897578,0.132118212
0.175137223,0.108208620,0.145424636
0.170971147,0.125504866,0.158483953
0.165870837,0.142750116,0.171276468
0.159846918,0.159908849,0.183780499
0.152914335,0.176946494,0.195975531
0.145091876,0.193829906,0.207842469
0.136389133,0.210524499,0.219358435
0.126833707,0.227000198,0.230507753
0.116443884,0.243225600,0.241271114
0.105241030,0.259170536,0.251630502
0.093251082,0.274807152,0.261570404
0.080491705,0.290104474,0.271070705
0.066998730,0.305040361,0.280122055
0.052784848,0.319581354,0.288700789
0.037887399,0.333707480,0.296799197
0.022334046,0.347394353,0.304403774
0.006151424,0.360616888,0.311500098
-0.010633695,0.373349471,0.318073235
-0.027978209,0.385581611,0.324123825
-0.045867848,0.397276303,0.329624914
-0.064255393,0.408428932,0.334582618
-0.083111951,0.419017407,0.338985016
-0.102406280,0.429021395,0.342822055
-0.122104975,0.438422751,0.346085880
-0.142172761,0.447205991,0.348771155
-0.162572901,0.455358782,0.350875393
-0.183267756,0.462872451,0.352399257
-0.204219502,0.469742480,0.353346817
-0.225403192,0.475923481,0.353686253
-0.246768076,0.481450814,0.353456723
-0.268287992,0.486273761,0.352622317
-0.289918105,0.490424560,0.351218450
-0.311626062,0.493864718,0.349220431
-0.333372821,0.496598976,0.346640127
-0.355121144,0.498633974,0.343490584
-0.376834659,0.499963161,0.339773945
-0.398476478,0.500581812,0.335493956
-0.420009427,0.500487128,0.330655991
-0.441395191,0.499674019,0.325263810
-0.462599565,0.498154929,0.319334596
-0.483584248,0.495925138,0.312872424
-0.504313096,0.492989382,0.305888624
-0.524751900,0.489356554,0.298397518
-0.544867240,0.485035808,0.290413488
-0.564627222,0.480038050,0.281952028
-0.584001682,0.474375761,0.273029567
-0.602957089,0.468055285,0.263658242
-0.621433933,0.461050639,0.253829272
-0.639433399,0.453420822,0.243590470
-0.656932180,0.445183425,0.232961024
-0.673865234,0.436311412,0.221932468
-0.690219677,0.426840538,0.210536627
-0.705999781,0.416815513,0.198809051
-0.721115882,0.406195337,0.186735046
-0.735590514,0.395042462,0.174360819
-0.749406617,0.383377898,0.161707067
-0.762477167,0.371176470,0.148771460
-0.774875500,0.358524322,0.135608910
-0.786474356,0.345374091,0.122207418
-0.797348119,0.331806167,0.108616986
-0.807417238,0.317807458,0.094843589
-0.816695076,0.303419171,0.080918045
-0.825162797,0.288662301,0.066861427
-0.832784341,0.273554083,0.052695346
-0.839590713,0.258135977,0.038447138
-0.845506491,0.242412418,0.024136215
-0.850603936,0.226435574,0.009790007
-0.854775255,0.210204721,-0.004569503
-0.858129066,0.193776130,-0.018919151
-0.860527965,0.177148918,-0.033230890
-0.862116653,0.160378951,-0.047489442
-0.862725977,0.143468714,-0.061657367
-0.862526400,0.126468765,-0.075729118
-0.861355119,0.109391965,-0.089660127
-0.859357302,0.092277317,-0.103448979
-0.856426103,0.075148952,-0.117053642
-0.852639940,0.058037375,-0.130465662
-0.847974856,0.040970496,-0.143657283
-0.842422622,0.023980278,-0.156600741
-0.836062644,0.007085871,-0.169297062
-0.828779384,-0.009665203,-0.181683358
-0.820708438,-0.026264398,-0.193781064
-0.811809581,-0.042675333,-0.205552150
-0.802077589,-0.058862756,-0.216966837
-0.791585945,-0.074816397,-0.228032174
-0.780311475,-0.090497640,-0.238711906
-0.768258672,-0.105871901,-0.248978864
-0.755490230,-0.120930682,-0.258839305
-0.742020058,-0.135647511,-0.268274648
-0.727841121,-0.149981792,-0.277250457
-0.712985509,-0.163911350,-0.285755489
-0.697494580,-0.177422656,-0.293787474
-0.681390482,-0.190491134,-0.301331156
-0.664697508,-0.203092950,-0.308372342
-0.647441967,-0.215205233,-0.314898063
-0.629652014,-0.226806287,-0.320896706
-0.611357450,-0.237875770,-0.326358118
-0.592589498,-0.248394842,-0.331273685
-0.573380570,-0.258346289,-0.335636376
-0.553764016,-0.267714615,-0.339440766
-0.533773889,-0.276486098,-0.342683038
-0.513440318,-0.284639907,-0.345352806
-0.492791410,-0.292147253,-0.347432847
-0.471874979,-0.299022840,-0.348945312
-0.450719821,-0.305240043,-0.349874911
-0.429360479,-0.310783120,-0.350216405
-0.407836364,-0.315652631,-0.349978780
-0.386182388,-0.319836356,-0.349159754
-0.364434136,-0.323313458,-0.347750267
-0.342630697,-0.326094332,-0.345767225
-0.320808267,-0.328167909,-0.343209615
-0.299004142,-0.329526704,-0.340079567
-0.277255986,-0.330166652,-0.336382061
-0.255601213,-0.330086889,-0.332124614
-0.234076503,-0.329289488,-0.327316955
-0.212719263,-0.327772676,-0.321965865
-0.191569425,-0.325528654,-0.316073814
-0.170659938,-0.322573548,-0.309661012
-0.150028953,-0.318905530,-0.302734301
-0.129716311,-0.314522610,-0.295300719
-0.109754754,-0.309438816,-0.287378607
-0.090180387,-0.303660395,-0.278980689
-0.071033851,-0.297187799,-0.270115896
-0.052343500,-0.290041414,-0.260806440
-0.034149407,-0.282224411,-0.251063031
-0.016482405,-0.273753468,-0.240905082
0.000621195,-0.264638882,-0.230347806
0.017127800,-0.254895237,-0.219409011
0.033006625,-0.244540488,-0.208108310
0.048222795,-0.233589476,-0.196463278
0.062748187,-0.222063799,-0.184495124
0.076547943,-0.209980406,-0.172222177
0.089593189,-0.197362083,-0.159665707
0.101854243,-0.184231856,-0.146846732
0.113306932,-0.170616942,-0.133787968
0.123919194,-0.156540919,-0.120509951
0.133669260,-0.142034093,-0.107036025
0.142531286,-0.127125472,-0.093388471
0.150482558,-0.111846575,-0.079590280
0.157503187,-0.096230890,-0.065664835
0.163575444,-0.080313340,-0.051635666
0.168677557,-0.064128653,-0.037526027
0.172802851,-0.047716158,-0.023360262
0.175932383,-0.031112824,-0.009161957
0.178064412,-0.014359310,0.005044755
0.179185240,0.002505256,0.019235830
0.179298679,0.019439680,0.033387448
0.178397616,0.036403623,0.047475344
0.176490522,0.053356414,0.061476125
0.173577612,0.070257696,0.075365647
0.169668037,0.087067708,0.089120473
0.164773208,0.103747595,0.102717462
0.158905946,0.120259375,0.116133630
0.152080062,0.136565804,0.129346000
0.144311444,0.152630558,0.142331773
0.135622701,0.168419984,0.155069817
0.126033645,0.183900523,0.167538296
0.115564767,0.199039335,0.179715346
0.104240491,0.213805674,0.191580259
0.092089571,0.228171746,0.203114153
0.079135320,0.242107822,0.214295997
0.065409509,0.255589388,0.225108536
0.050938035,0.268589201,0.235531848
0.035750424,0.281082532,0.245547666
0.019879949,0.293048042,0.255140101
0.003362627,0.304467993,0.264295831
-0.013779338,0.315312456,0.272991530
-0.031503177,0.325570786,0.281219062
-0.049776523,0.335223506,0.288963042
-0.068565191,0.344253109,0.296209492
-0.087832463,0.352645651,0.302947147
-0.107539525,0.360391550,0.309168115
-0.127659949,0.367460734,0.314848023
-0.148141993,0.373866712,0.319997277
-0.168960570,0.379574734,0.324587600
-0.190070035,0.384590865,0.328623344
-0.211432973,0.388905745,0.332096469
-0.233011503,0.392510658,0.334999422
-0.254766694,0.395399898,0.337327033
-0.276659082,0.397571093,0.339076802
-0.298649304,0.399025513,0.340249156
-0.320699298,0.399749853,0.340832761
-0.342768610,0.399746212,0.340828682
-0.364819325,0.399037456,0.340254793
-0.386809330,0.397582744,0.339077449
-0.408704523,0.395431579,0.337336101
-0.430461589,0.392556361,0.335007783
-0.452043493,0.388972435,0.332104321
-0.473416151,0.384698822,0.328640560
-0.494541887,0.379739285,0.324618971
-0.515374358,0.374081492,0.320028904
-0.535883083,0.367752231,0.314891551
-0.556033738,0.360765743,0.309217924
-0.575790843,0.353133646,0.303016902
-0.595119876,0.344869342,0.296298833
-0.613987502,0.335987934,0.289075458
-0.632361777,0.326506103,0.281359825
-0.650212341,0.316441971,0.273166176
-0.667501683,0.305806659,0.264503002
-0.684189170,0.294611075,0.255378583
-0.700262544,0.282891230,0.245821899
-0.715698078,0.270670101,0.235851231
-0.730474151,0.257971230,0.225485357
-0.744543194,0.244801516,0.214729250
-0.757870807,0.231180703,0.203598459
-0.770473058,0.217155548,0.192131052
-0.782335636,0.202751061,0.180347107
-0.793350654,0.187952535,0.168233358
-0.803589797,0.172828437,0.155846171
-0.813036458,0.157401356,0.143203642
-0.821578379,0.141666126,0.130300195
-0.829308485,0.125686368,0.117188541
-0.836170067,0.109474741,0.103878244
-0.842122067,0.093054787,0.090387878
-0.847238734,0.076471421,0.076754769
-0.851391344,0.059732772,0.062983928
-0.854676730,0.042884938,0.049113913
-0.857049238,0.025950278,0.035162294
-0.858481151,0.008958679,0.021152962
-0.859055286,-0.008058701,0.007112195
-0.858624460,-0.025072468,-0.006937988
-0.857339481,-0.042054655,-0.020973057
-0.855105860,-0.058972659,-0.034967747
-0.851967010,-0.075798193,-0.048898597
-0.847951269,-0.092507208,-0.062745766
-0.842980211,-0.109055689,-0.076474547
-0.837174217,-0.125435613,-0.090076967
-0.830444394,-0.141597700,-0.103514186
-0.822858546,-0.157525675,-0.116772196
-0.814450937,-0.173201203,-0.129835732
-0.805138525,-0.188562798,-0.142656012
-0.795040731,-0.203619971,-0.155239299
-0.784143655,-0.218337165,-0.167556984
-0.772418030,-0.232664451,-0.179569012
-0.759951721,-0.246609292,-0.191280386
-0.746758391,-0.260146856,-0.202670866
-0.732791303,-0.273210005,-0.213686711
-0.718142684,-0.285816597,-0.224341304
-0.702831636,-0.297942965,-0.234615309
-0.686879220,-0.309565676,-0.244489566
-0.670283779,-0.320638569,-0.253926817
-0.653097157,-0.331160027,-0.262925208
-0.635353477,-0.341116311,-0.271473299
-0.617080889,-0.350488000,-0.279555139
-0.598309335,-0.359256906,-0.287155767
-0.579070394,-0.367406253,-0.294261361
-0.559397106,-0.374920827,-0.300859356
-0.539323764,-0.381787101,-0.306938553
-0.518885693,-0.387993326,-0.312489193
-0.498119015,-0.393529605,-0.317503017
-0.477060413,-0.398387922,-0.321973298
-0.455746895,-0.402562160,-0.325894848
-0.434206332,-0.406013131,-0.329235951
-0.412487206,-0.408768333,-0.332018435
-0.390626906,-0.410828248,-0.334242474
-0.368657424,-0.412149372,-0.335872921
-0.346622548,-0.412770517,-0.336940785
-0.324558620,-0.412656987,-0.337418022
-0.302504436,-0.411839590,-0.337329265
-0.280500113,-0.410285471,-0.336647978
-0.258583761,-0.408016087,-0.335391315
-0.236793499,-0.405034439,-0.333561612
-0.215168367,-0.401341302,-0.331159425
-0.193747217,-0.396940945,-0.328188133
-0.172568131,-0.391840812,-0.324653679
-0.151667965,-0.386051171,-0.320564285
-0.131084655,-0.379579715,-0.315926101
-0.110860631,-0.372427347,-0.310739799
-0.091023250,-0.364622351,-0.305028082
-0.071617848,-0.356162359,-0.298788947
-0.052676531,-0.347067391,-0.292038382
-0.034233547,-0.337353341,-0.284788998
-0.016324224,-0.327035164,-0.277052582
0.001018686,-0.316131105,-0.268843484
0.017756412,-0.304654352,-0.260171855
0.033862449,-0.292629998,-0.251057318
0.049300015,-0.280074579,-0.241512405
0.064042237,-0.267013080,-0.231556280
0.078057093,-0.253467011,-0.221205041
0.091316187,-0.239461031,-0.210477050
0.103791236,-0.225020421,-0.199390836
0.115451867,-0.210170260,-0.187964336
0.126275025,-0.194940065,-0.176218704
0.136235915,-0.179358964,-0.164174271
0.145310490,-0.163457221,-0.151851737
0.153478425,-0.147267141,-0.139272934
0.160712287,-0.130820022,-0.126457988
0.167001601,-0.114152541,-0.113431208
0.172325332,-0.097299380,-0.100214237
0.176667080,-0.080297398,-0.086829865
0.180015247,-0.063184988,-0.073301618
0.182358051,-0.046001283,-0.059652896
0.183689461,-0.028786472,-0.045907660
0.184005306,-0.011581171,-0.032089807
0.183295830,0.005572952,-0.018223032
0.181569140,0.022634769,-0.004331783
0.178821420,0.039561844,0.009559857
0.175063832,0.056313428,0.023427741
0.170300885,0.072847630,0.037247576
0.164546151,0.089124436,0.050995350
0.157815156,0.105104820,0.064647271
0.150121803,0.120749457,0.078179207
0.141486245,0.136021463,0.091567588
0.131931599,0.150885896,0.104789317
0.121478761,0.165307332,0.117820708
0.110155434,0.179254331,0.130639375
0.097990744,0.192697415,0.143223479
0.085011173,0.205606222,0.155550334
0.071246748,0.217953243,0.167598162
0.056731680,0.229715066,0.179346862
0.041495311,0.240865197,0.190774351
0.025574476,0.251384251,0.201861909
0.009003309,0.261251602,0.212589880
-0.008181631,0.270449901,0.222940132
-0.025945898,0.278960176,0.232893328
-0.044252295,0.286767140,0.242431969
-0.063061097,0.293860091,0.251541127
-0.082335839,0.300224649,0.260203508
-0.102036486,0.305852636,0.268405463
-0.122127280,0.310728604,0.276128596
-0.142565365,0.314851494,0.283363570
-0.163311527,0.318214603,0.290097440
-0.184325341,0.320815499,0.296320056
-0.205570592,0.322636876,0.302010970
-0.227001809,0.323694774,0.307172520
-0.248581408,0.323977209,0.311787759
-0.270267065,0.323497845,0.315857787
-0.292020264,0.322241190,0.319362725
-0.313799367,0.320220176,0.322303180
-0.335564207,0.317441748,0.324675578
-0.357274954,0.313911917,0.326475696
-0.378892341,0.309640003,0.327701886
-0.400374917,0.304624485,0.328343918
-0.421683086,0.298878744,0.328403075
-0.442782723,0.292429253,0.327891596
-0.463629943,0.285270177,0.326795485
-0.484190228,0.277425717,0.325125197
-0.504424213,0.268905373,0.322879162
-0.524303463,0.259739908,0.320074075
-0.543772653,0.249914627,0.316686820
-0.562816550,0.239479595,0.312751396
-0.581399572,0.228449856,0.308271216
-0.599479155,0.216834410,0.303243663
-0.617017921,0.204651149,0.297673893
-0.633995359,0.191934359,0.291583004
-0.650380149,0.178706051,0.284980569
-0.666142355,0.164989712,0.277877576
-0.681253603,0.150810172,0.270286365
-0.695687237,0.136193452,0.262220543
-0.709418444,0.121166587,0.253694893
-0.722424356,0.105757451,0.244725247
-0.734684111,0.089994557,0.235328366
-0.746152441,0.073897035,0.225508677
-0.756820848,0.057500712,0.215291114
-0.766682822,0.040839630,0.204699718
-0.775725271,0.023944135,0.193754337
-0.783937037,0.006844365,0.182475087
-0.791256653,-0.010438312,0.170864565
-0.797699194,-0.027865077,0.158955110
-0.803278468,-0.045401973,0.146775148
-0.807983868,-0.063020052,0.134344042
-0.811727099,-0.080691000,0.121663758
-0.814590154,-0.098377872,0.108779824
-0.816572863,-0.116052512,0.095713288
-0.817576872,-0.133678473,0.082470026
-0.817686351,-0.151227499,0.069089536
-0.816915918,-0.168673321,0.055594677
-0.815157720,-0.185967919,0.041997930
-0.812519754,-0.203095843,0.028334392
-0.809001266,-0.220029079,0.014624881
-0.804515549,-0.236712499,0.000891809
-0.799176722,-0.253144065,-0.012838444
-0.792959211,-0.269286468,-0.026543504
-0.785827109,-0.285091663,-0.040195207
-0.777872542,-0.300562017,-0.053775265
-0.769061206,-0.315651162,-0.067256430
-0.759395324,-0.330322823,-0.080611057
-0.748948329,-0.344580040,-0.093825442
-0.737695465,-0.358374970,-0.106869164
-0.725646290,-0.371673445,-0.119714574
-0.712869062,-0.384482205,-0.132351877
-0.699369908,-0.396769563,-0.144756038
-0.685126312,-0.408475237,-0.156886863
-0.670220359,-0.419622057,-0.168743607
-0.654673206,-0.430188348,-0.180305478
-0.638496058,-0.440140584,-0.191544991
-0.621700886,-0.449440218,-0.202430751
-0.604347564,-0.458101481,-0.212960437
-0.586463470,-0.466106306,-0.223114636
-0.568077680,-0.473437683,-0.232874373
-0.549220928,-0.480079854,-0.242221258
-0.529925533,-0.486018496,-0.251137639
-0.510219537,-0.491229535,-0.259599530
-0.490147264,-0.495718253,-0.267601347
-0.469744593,-0.499476791,-0.275129539
-0.449047669,-0.502497875,-0.282170947
-0.428093404,-0.504776121,-0.288713671
-0.406914967,-0.506290480,-0.294734952
-0.385555090,-0.507051594,-0.300233624
-0.364052497,-0.507060361,-0.305202132
-0.342445718,-0.506319564,-0.309634384
-0.320772903,-0.504833878,-0.313525793
-0.299072008,-0.502569719,-0.316843342
-0.277383476,-0.499566898,-0.319608166
-0.255745613,-0.495825249,-0.321812098
-0.234199767,-0.491330895,-0.323436141
-0.212781974,-0.486114907,-0.324495909
-0.191532824,-0.480173220,-0.324979907
-0.170493479,-0.473510446,-0.324883010
-0.149697852,-0.466151856,-0.324217006
-0.129185343,-0.458104420,-0.322978927
-0.108994974,-0.449378876,-0.321168703
-0.089164777,-0.439989310,-0.318788977
-0.069731310,-0.429952734,-0.315844890
-0.050729292,-0.419288653,-0.312343826
-0.032191336,-0.408018656,-0.308295155
-0.014160469,-0.396152422,-0.303697213
0.003336915,-0.383719403,-0.298566498
0.020260225,-0.370734240,-0.292905510
0.036584164,-0.357226411,-0.286730939
0.052273415,-0.343216353,-0.280050610
0.067295743,-0.328728070,-0.272875587
0.081622204,-0.313788282,-0.265219552
0.095227194,-0.298425693,-0.257098259
0.108077686,-0.282665290,-0.248523016
0.120152724,-0.266538710,-0.239512451
0.131418264,-0.250072191,-0.230078226
0.141856998,-0.233299565,-0.220240956
0.151445285,-0.216252181,-0.210017810
0.160156486,-0.198961460,-0.199425040
0.167974315,-0.181462304,-0.188483355
0.174877903,-0.163789008,-0.177211606
0.180851570,-0.145977483,-0.165630523
0.185877519,-0.128064060,-0.153760160
0.189942367,-0.110086387,-0.141621963
0.193036602,-0.092082872,-0.129238244
0.195141804,-0.074092915,-0.116629267
0.196258469,-0.056156448,-0.103819506
0.196377704,-0.038314272,-0.090831153
0.195494925,-0.020607942,-0.077687272
0.193609329,-0.003079373,-0.064411448
0.190723465,0.014229441,-0.051027559
0.186842877,0.031276634,-0.037559618
0.181974093,0.048020011,-0.024031633
0.176124506,0.064416818,-0.010467766
0.169312376,0.080427950,0.003107567
0.161548345,0.096010963,0.016670040
0.152854472,0.111128239,0.030195373
0.143253029,0.125742704,0.043659467
0.132762612,0.139814928,0.057037665
0.121413994,0.153313118,0.070306355
0.109234881,0.166204300,0.083441674
0.096255441,0.178457758,0.096420010
0.082508397,0.190045546,0.109218205
0.068026120,0.200940084,0.121812898
0.052844092,0.211117404,0.134181449
0.036999346,0.220556297,0.146301844
0.020529704,0.229237630,0.158152521
0.003472289,0.237142387,0.169711644
-0.014133536,0.244255455,0.180958536
-0.032246323,0.250566508,0.191874284
-0.050830277,0.256056682,0.202436063
-0.069840357,0.260724538,0.212628373
-0.089237690,0.264558944,0.222431339
-0.108981647,0.267552720,0.231826600
-0.129030211,0.269703368,0.240797932
-0.149340571,0.271013888,0.249332005
-0.169874735,0.271470802,0.257406545
-0.190587767,0.271088969,0.265014492
-0.211439604,0.269866143,0.272139525
-0.232389184,0.267803773,0.278767135
-0.253394960,0.264907438,0.284885112
-0.274415583,0.261187258,0.290484093
-0.295410790,0.256658254,0.295558146
-0.316339264,0.251317150,0.300089197
-0.337162824,0.245192933,0.304080859
-0.357837971,0.238276499,0.307510366
-0.378328718,0.230600463,0.310384387
-0.398595816,0.222176923,0.312695222
-0.418600462,0.213021003,0.314437241
-0.438304819,0.203150882,0.315607111
-0.457672594,0.192587740,0.316203994
-0.476669684,0.181355618,0.316229723
-0.495259513,0.169473597,0.315681993
-0.513398103,0.156952940,0.314550609
-0.531071217,0.143843383,0.312861541
-0.548224515,0.130143971,0.310592741
-0.564850172,0.115906771,0.307774189
-0.580887622,0.101130341,0.304381077
-0.596338666,0.085870603,0.300449639
-0.611158760,0.070142589,0.295971857
-0.625310022,0.053969955,0.290947828
-0.638786211,0.037396296,0.285402797
-0.651560274,0.020450447,0.279344434
-0.663606622,0.003162605,0.272781857
-0.674901294,-0.014435799,0.265725617
-0.685422102,-0.032312257,0.258187654
-0.695147590,-0.050433655,0.250180591
-0.704062976,-0.068764937,0.241720920
-0.712148558,-0.087272316,0.232822397
-0.719391438,-0.105920439,0.223502458
-0.725779701,-0.124674090,0.213778844
-0.731303567,-0.143498070,0.203670138
-0.735955351,-0.162357362,0.193195628
-0.739729377,-0.181217289,0.182375188
-0.742621877,-0.200043644,0.171229147
-0.744630861,-0.218802789,0.159778170
-0.745707194,-0.237454036,0.148028871
-0.745885461,-0.255965526,0.136015188
-0.745178250,-0.274306094,0.123761963
-0.743590161,-0.292444325,0.111291054
-0.741089792,-0.310338063,0.098617002
-0.737680320,-0.327951118,0.085764156
-0.733408199,-0.345264121,0.072763171
-0.728283072,-0.362248433,0.059636127
-0.722250673,-0.378845389,0.046399104
-0.715369902,-0.395042913,0.033083005
-0.707671456,-0.410821950,0.019712081
-0.699143690,-0.426141157,0.006308139
-0.689772738,-0.440952051,-0.007103333
-0.679631516,-0.455261367,-0.020497925
-0.668736555,-0.469044805,-0.033853620
-0.657043797,-0.482228342,-0.047140520
-0.644629748,-0.494827248,-0.060338258
-0.631523896,-0.506826562,-0.073425683
-0.617730919,-0.518188398,-0.086376787
-0.603251118,-0.528863979,-0.099160337
-0.588152781,-0.538875078,-0.111763365
-0.572459945,-0.548202136,-0.124163951
-0.556188875,-0.556814157,-0.136335939
-0.539350677,-0.564666961,-0.148246809
-0.522005816,-0.571784613,-0.159888152
-0.504183239,-0.578151742,-0.171238812
-0.485913231,-0.583754086,-0.182277824
-0.467227418,-0.588578656,-0.192984516
-0.448149870,-0.592593350,-0.203329012
-0.428724931,-0.595806601,-0.213299320
-0.408991008,-0.598218574,-0.222880513
-0.388983628,-0.599823121,-0.232054790
-0.368739202,-0.600615939,-0.240805186
-0.348294883,-0.600594661,-0.249115691
-0.327688388,-0.599758914,-0.256971359
-0.306957818,-0.598110358,-0.264358400
-0.286141465,-0.595652700,-0.271264265
-0.265277612,-0.592391674,-0.277677715
-0.244405241,-0.588308884,-0.283571908
-0.223564047,-0.583432698,-0.288949483
-0.202791642,-0.577778551,-0.293805679
-0.182124761,-0.571360249,-0.298135054
-0.161609150,-0.564151212,-0.301903014
-0.141275550,-0.556202471,-0.305130149
-0.121164466,-0.547516000,-0.307802089
-0.101315415,-0.538101652,-0.309909878
-0.081764026,-0.527982071,-0.311454218
-0.062541897,-0.517183814,-0.312439868
-0.043700521,-0.505698811,-0.312841913
-0.025262269,-0.493572240,-0.312680550
-0.007264312,-0.480821082,-0.311952352
0.010257390,-0.467465835,-0.310656608
0.027268574,-0.453530001,-0.308795187
0.043737045,-0.439039599,-0.306372362
0.059632938,-0.424022672,-0.303394592
0.074925853,-0.408506578,-0.299867696
0.089573607,-0.392510924,-0.295788032
0.103568341,-0.376079811,-0.291180705
0.116859120,-0.359228913,-0.286036178
0.129434927,-0.341999043,-0.280376195
0.141266758,-0.324419995,-0.274208541
0.152328139,-0.306523730,-0.267543291
0.162596416,-0.288344224,-0.260393187
0.172052671,-0.269916726,-0.252773125
0.180668053,-0.251274299,-0.244692659
0.188433645,-0.232455216,-0.236172189
0.195320017,-0.213494037,-0.227221656
0.201319322,-0.194429481,-0.217861769
0.206415193,-0.175299105,-0.208108956
0.210595285,-0.156141328,-0.197981464
0.213839183,-0.136995520,-0.187494627
0.216149765,-0.117901020,-0.176672517
0.217509296,-0.098898645,-0.165531595
0.217914943,-0.080028987,-0.154093573
0.217363878,-0.061332940,-0.142379846
0.215848466,-0.042853377,-0.130410513
0.213374885,-0.024630807,-0.118209182
0.209942146,-0.006708263,-0.105797477
0.205557424,0.010872887,-0.093198694
0.200225874,0.028069717,-0.080435576
0.193956753,0.044839870,-0.067531556
0.186762895,0.061141767,-0.054510479
0.178660276,0.076934752,-0.041396417
0.169667683,0.092179210,-0.028213551
0.159806447,0.106836647,-0.014986111
0.149095918,0.120866304,-0.001738363
0.137565801,0.134234652,0.011505175
0.125245150,0.146907981,0.024720211
0.112161300,0.158850565,0.037882166
0.098349526,0.170034187,0.050966866
0.083845084,0.180431316,0.063950241
0.068684194,0.190015964,0.076808286
0.052904927,0.198764964,0.089517232
0.036547139,0.206658456,0.102053731
0.019651779,0.213679453,0.114394874
0.002257503,0.219807606,0.126516591
-0.015589972,0.225036903,0.138398192
-0.033849419,0.229354828,0.150017212
-0.052478789,0.232751352,0.161351509
-0.071434841,0.235220600,0.172379918
-0.090673496,0.236761599,0.183082779
-0.110150820,0.237377025,0.193441808
-0.129825745,0.237058880,0.203434376
-0.149653951,0.235816219,0.213044311
-0.169592871,0.233654023,0.222253892
-0.189600220,0.230579848,0.231046479
-0.209634140,0.226599417,0.239404433
-0.229652715,0.221722573,0.247311859
-0.249614982,0.215965739,0.254756355
-0.269480661,0.209343612,0.261724806
-0.289209192,0.201867493,0.268202103
-0.308760411,0.193552637,0.274175134
-0.328095217,0.184418477,0.279633262
-0.347176419,0.174488751,0.284568838
-0.365969740,0.163791499,0.288977752
-0.384429168,0.152327712,0.292836421
-0.402530148,0.140146097,0.296155802
-0.420229861,0.127256235,0.298918070
-0.437494514,0.113686350,0.301119214
-0.454294378,0.099469358,0.302759615
-0.470596533,0.084632586,0.303835218
-0.486370080,0.069205882,0.304344240
-0.501586649,0.053221349,0.304287320
-0.516215921,0.036708954,0.303663006
-0.530218539,0.019693027,0.302462324
-0.543587553,0.002222300,0.300705299
-0.556292010,-0.015674373,0.298389590
-0.568295612,-0.033968321,0.295509938
-0.579596950,-0.052612994,0.292088238
-0.590156088,-0.071580860,0.288116756
-0.599958935,-0.090832253,0.283607333
-0.609005049,-0.110324572,0.278580465
-0.617246854,-0.130029005,0.273025012
-0.624680150,-0.149903565,0.266959194
-0.631302913,-0.169907912,0.260401582
-0.637100233,-0.190004718,0.253362477
-0.642059149,-0.210155989,0.245853536
-0.646168733,-0.230323245,0.237887737
-0.649420150,-0.250467701,0.229479320
-0.651806706,-0.270550455,0.220643717
-0.653323856,-0.290532670,0.211397474
-0.653969203,-0.310375756,0.201758157
-0.653742464,-0.330041534,0.191744250
-0.652645406,-0.349492394,0.181375057
-0.650681778,-0.368691429,0.170670586
-0.647857206,-0.387602549,0.159651442
-0.644179083,-0.406190576,0.148338727
-0.639656442,-0.424421304,0.136753936
-0.634299831,-0.442261543,0.124918873
-0.628121177,-0.459679129,0.112855573
-0.621091506,-0.476616842,0.100576686
-0.613262933,-0.493062808,0.088115591
-0.604654774,-0.508989542,0.075495950
-0.595284408,-0.524368955,0.062740697
-0.585170127,-0.539173935,0.049872771
-0.574283172,-0.553335014,0.036910934
-0.562692236,-0.566863704,0.023885904
-0.550420714,-0.579737528,0.010821050
-0.537491087,-0.591933488,-0.002260483
-0.523904462,-0.603402937,-0.015334318
-0.509688842,-0.614122838,-0.028374376
-0.494892813,-0.624099029,-0.041357810
-0.479542671,-0.633312752,-0.054261541
-0.463665553,-0.641746111,-0.067062469
-0.447261902,-0.649333532,-0.079728310
-0.430392374,-0.656105571,-0.092241930
-0.413089112,-0.662051720,-0.104581209
-0.395383062,-0.667159179,-0.116723543
-0.377306130,-0.671416385,-0.128646428
-0.358885479,-0.674796575,-0.140322453
-0.340157070,-0.677290429,-0.151728084
-0.321163690,-0.678913132,-0.162848159
-0.301940412,-0.679659786,-0.173661791
-0.282523059,-0.679527229,-0.184148552
-0.262948122,-0.678514146,-0.194288571
-0.243252657,-0.676621159,-0.204062642
-0.223474149,-0.673850904,-0.213452319
-0.203650374,-0.670208086,-0.222440027
-0.183819236,-0.665699505,-0.231009161
-0.164018596,-0.660334064,-0.239144172
-0.144286099,-0.654122749,-0.246830660
-0.124658996,-0.647078585,-0.254055437
-0.105173970,-0.639216570,-0.260806592
-0.085872799,-0.630532135,-0.267060009
-0.066791709,-0.621049801,-0.272808696
-0.047962059,-0.610803464,-0.278052802
-0.029418259,-0.599812457,-0.282783786
-0.011213193,-0.588058779,-0.286965232
0.006640340,-0.575612394,-0.290624660
0.024090243,-0.562462967,-0.293729847
0.041118140,-0.548659848,-0.296295361
0.057672151,-0.534202191,-0.298293771
0.073739471,-0.519142800,-0.299744271
0.089279675,-0.503497500,-0.300633590
0.104254088,-0.487288672,-0.300952596
0.118644182,-0.470557931,-0.300712071
0.132419622,-0.453334594,-0.299910648
0.145552376,-0.435650491,-0.298549398
0.158016956,-0.417539427,-0.296631687
0.169788532,-0.399035650,-0.294161449
0.180829900,-0.380168202,-0.291133635
0.191137889,-0.360982441,-0.287568868
0.200678780,-0.341509790,-0.283465059
0.209442930,-0.321790942,-0.278837145
0.217394057,-0.301859264,-0.273682604
0.224528811,-0.281757287,-0.268020469
0.230828554,-0.261523362,-0.261859725
0.236278841,-0.241197068,-0.255212063
0.240866487,-0.220818443,-0.248089959
0.244571519,-0.200428194,-0.240502563
0.247399587,-0.180067111,-0.232472276
0.249327520,-0.159777212,-0.224006900
0.250356239,-0.139599740,-0.215126222
0.250480823,-0.119576397,-0.205846976
0.249698612,-0.099748974,-0.196186848
0.248001489,-0.080161562,-0.186161436
0.245398644,-0.060854118,-0.175793091
0.241885397,-0.041871439,-0.165098771
0.237471107,-0.023254208,-0.154100426
0.232160682,-0.005045366,-0.142818235
0.225963430,0.012713228,-0.131273664
0.218889963,0.029979524,-0.119488389
0.210951168,0.046710427,-0.107484083
0.202166470,0.062867288,-0.095284352
0.192553484,0.078409678,-0.082912034
0.182131613,0.093297274,-0.070390240
0.170923852,0.107491482,-0.057742643
0.158956290,0.120955500,-0.044993249
0.146257711,0.133654366,-0.032166250
0.132859274,0.145554987,-0.019285935
0.118794274,0.156626188,-0.006376635
0.104097134,0.166837572,0.006537273
0.088803826,0.176159961,0.019431240
0.072955487,0.184571895,0.032280917
0.056592436,0.192051154,0.045062004
0.039756380,0.198578123,0.057750263
0.022490284,0.204136075,0.070321580
0.004838228,0.208711512,0.082752066
-0.013154791,0.212294592,0.095018219
-0.031443132,0.214879627,0.107097168
-0.049982471,0.216457854,0.118965198
-0.068726183,0.217032700,0.130601020
-0.087630224,0.216597461,0.141980753
-0.106648586,0.215161076,0.153084242
-0.125736822,0.212728884,0.163890430
-0.144850910,0.209306957,0.174378250
-0.163947062,0.204903800,0.184527117
-0.182982670,0.199537301,0.194319802
-0.201915737,0.193220370,0.203737341
-0.220704194,0.185964738,0.212759969
-0.239307608,0.177790729,0.221371375
-0.257685781,0.168717023,0.229554526
-0.275801821,0.158771534,0.237297090
-0.293615861,0.147970743,0.244580986
-0.311094118,0.136347013,0.251396720
-0.328196956,0.123917649,0.257726219
-0.344891208,0.110714221,0.263559749
-0.361145012,0.096768514,0.268888287
