# crossings of the closed strand A(u) with B(v): u = a1/(2*pi*p) along A and v = a1/(2*pi*p) along the un-inverted B strand (p = N + 1; toroidal-angle fractions, not arclength);
# sign = the over/under the zone weave used at this crossing (A displaced to eta + sign*delta_eta, B to eta - sign*delta_eta)
u,v,sign
0.000000000,0.500000000,1
0.000586648,0.020586648,-1
0.001175459,0.541175459,1
0.001766468,0.061766468,-1
0.002363431,0.582363431,1
0.002967076,0.102967076,-1
0.003582070,0.623582070,1
0.004211283,0.144211283,-1
0.004863184,0.664863184,1
0.005548565,0.185548565,-1
0.006294438,0.706294438,1
0.007181494,0.227181494,-1
0.009076541,0.229076541,1
0.009631803,0.709631803,-1
0.010997830,0.710997830,-1
0.011983235,0.231983235,-1
0.012756882,0.752756882,1
0.013456687,0.273456687,-1
0.014116612,0.794116612,1
0.014752302,0.314752302,-1
0.015370395,0.835370395,1
0.015976927,0.355976927,-1
0.016575688,0.876575688,1
0.017168266,0.397168266,-1
0.017757838,0.917757838,1
0.018344653,0.438344653,-1
0.018931345,0.958931345,1
0.019519350,0.479519350,-1
0.020109029,0.000109029,1
0.020704187,0.520704187,-1
0.021305060,0.041305060,1
0.021917144,0.561917144,-1
0.022541151,0.082541151,1
0.023185870,0.603185870,-1
0.023859295,0.123859295,1
0.024583307,0.644583307,-1
0.025410303,0.165410303,1
0.027749966,0.167749966,-1
0.028498694,0.648498694,1
0.029006685,0.649006685,1
0.030246371,0.170246371,1
0.031056440,0.691056440,-1
0.031772787,0.211772787,1
0.032442707,0.732442707,-1
0.033084236,0.253084236,1
0.033707319,0.773707319,-1
0.034316857,0.294316857,1
0.034917528,0.814917528,-1
0.035511811,0.335511811,1
0.036102186,0.856102186,-1
0.036689268,0.376689268,1
0.037276084,0.897276084,-1
0.037863395,0.417863395,1
0.038452148,0.938452148,-1
0.039045984,0.459045984,1
0.039644763,0.979644763,-1
0.040252873,0.500252873,1
0.040872961,0.020872961,-1
0.041510850,0.541510850,1
0.042174233,0.062174233,-1
0.042880296,0.582880296,1
0.043665960,0.103665960,-1
0.044711373,0.624711373,1
0.045829340,0.625829340,1
0.046418877,0.106418877,1
0.048486896,0.108486896,-1
0.049348432,0.629348432,1
0.050085256,0.150085256,-1
0.050766101,0.670766101,1
0.051415126,0.191415126,-1
0.052042641,0.712042641,1
0.052656328,0.232656328,-1
0.053259038,0.753259038,1
0.053855158,0.273855158,-1
0.054445958,0.794445958,1
0.055033839,0.315033839,-1
0.055620812,0.835620812,1
0.056207588,0.356207588,-1
0.056796085,0.876796085,1
0.057388394,0.397388394,-1
0.057985431,0.917985431,1
0.058590647,0.438590647,-1
0.059205885,0.959205885,1
0.059838378,0.479838378,-1
0.060492585,0.000492585,1
0.061183820,0.521183820,-1
0.061938714,0.041938714,1
0.062856089,0.562856089,-1
0.064567551,0.564567551,1
0.065108616,0.045108616,-1
0.066689363,0.046689363,1
0.067630401,0.567630401,-1
0.068393118,0.088393118,1
0.069086854,0.609086854,-1
0.069744251,0.129744251,1
0.070376634,0.650376634,-1
0.070994324,0.170994324,1
0.071599802,0.691599802,-1
0.072197720,0.212197720,1
0.072789499,0.732789499,-1
0.073378357,0.253378357,1
0.073965519,0.773965519,-1
0.074551987,0.294551987,1
0.075140177,0.815140177,-1
0.075731078,0.335731078,1
0.076326499,0.856326499,-1
0.076929030,0.376929030,1
0.077541015,0.897541015,-1
0.078167657,0.418167657,1
0.078814201,0.938814201,-1
0.079492606,0.459492606,1
0.080223777,0.980223777,-1
0.081070790,0.501070790,1
0.083249276,0.503249276,-1
0.083878751,0.983878751,1
0.084800011,0.984800011,1
0.085899758,0.505899758,1
0.086695066,0.026695066,-1
0.087404864,0.547404864,1
0.088070963,0.068070963,-1
0.088709891,0.588709891,1
0.089331291,0.109331291,-1
0.089939393,0.629939393,1
0.090539713,0.150539713,-1
0.091132826,0.671132826,1
0.091722810,0.191722810,-1
0.092310202,0.712310202,1
0.092896649,0.232896649,-1
0.093484387,0.753484387,1
0.094074023,0.274074023,-1
0.094667937,0.794667937,1
0.095267899,0.315267899,-1
0.095877105,0.835877105,1
0.096498509,0.356498509,-1
0.097138652,0.877138652,1
0.097805632,0.397805632,-1
0.098517838,0.918517838,1
0.099317913,0.439317913,-1
0.100452721,0.960452721,1
0.101259681,0.961259681,1
0.101917076,0.441917076,1
0.104149950,0.444149950,-1
0.104989907,0.964989907,1
0.105718428,0.485718428,-1
0.106395469,0.006395469,1
0.107041001,0.527041001,-1
0.107667317,0.047667317,1
0.108278528,0.568278528,-1
0.108881254,0.088881254,1
0.109475928,0.609475928,-1
0.110067180,0.130067180,1
0.110654833,0.650654833,-1
0.111241381,0.171241381,1
0.111828701,0.691828701,-1
0.112417220,0.212417220,1
0.113009716,0.733009716,-1
0.113607222,0.253607222,1
0.114213820,0.774213820,-1
0.114831438,0.294831438,1
0.115465126,0.815465126,-1
0.116123129,0.336123129,1
0.116819129,0.856819129,-1
0.117585076,0.377585076,1
0.118539908,0.898539908,-1
0.120051742,0.900051742,1
0.120595402,0.380595402,-1
0.122369532,0.382369532,1
0.123275995,0.903275995,-1
0.124027897,0.424027897,1
0.124717178,0.944717178,-1
0.125370619,0.465370619,1
0.126002209,0.986002209,-1
0.126617176,0.506617176,1
0.127222101,0.027222101,-1
0.127818791,0.547818791,1
0.128411217,0.068411217,-1
0.128999220,0.588999220,1
0.129586172,0.109586172,-1
0.130173109,0.630173109,1
0.130760666,0.150760666,-1
0.131352259,0.671352259,1
0.131947995,0.191947995,-1
0.132551702,0.712551702,1
0.133165097,0.233165097,-1
0.133793941,0.753793941,1
0.134443404,0.274443404,-1
0.135126267,0.795126267,1
0.135865675,0.315865675,-1
0.136735444,0.836735444,1
0.138746709,0.838746709,-1
0.139321863,0.319321863,1
0.140527445,0.320527445,1
0.141550674,0.841550674,1
0.142332215,0.362332215,-1
0.143035818,0.883035818,1
0.143698486,0.403698486,-1
0.144335052,0.924335052,1
0.144955074,0.444955074,-1
0.145562564,0.965562564,1
0.146161396,0.486161396,-1
0.146754778,0.006754778,1
0.147343500,0.527343500,-1
0.147930924,0.047930924,1
0.148517603,0.568517603,-1
0.149104744,0.089104744,1
0.149695425,0.609695425,-1
0.150289403,0.130289403,1
0.150890933,0.650890933,-1
0.151500265,0.171500265,1
0.152124524,0.692124524,-1
0.152766372,0.212766372,1
0.153438111,0.733438111,-1
0.154156311,0.254156311,1
0.154972437,0.774972437,-1
0.156316739,0.296316739,1
0.156568352,0.296568352,1
0.157416690,0.777416690,1
0.159808973,0.779808973,-1
0.160630136,0.300630136,1
0.161351359,0.821351359,-1
0.162023824,0.342023824,1
0.162667123,0.862667123,-1
0.163291083,0.383291083,1
0.163901956,0.903901956,-1
0.164503209,0.424503209,1
0.165097666,0.945097666,-1
0.165687665,0.465687665,1
0.166275591,0.986275591,-1
0.166862178,0.506862178,1
0.167449252,0.027449252,-1
0.168038806,0.548038806,1
0.168631469,0.068631469,-1
0.169230620,0.589230620,1
0.169837205,0.109837205,-1
0.170456225,0.630456225,1
0.171092169,0.151092169,-1
0.171753668,0.671753668,1
0.172454965,0.192454965,-1
0.173233121,0.713233121,1
0.174236283,0.234236283,-1
0.175524241,0.235524241,-1
0.176088193,0.716088193,-1
0.178041820,0.718041820,1
0.178920120,0.238920120,-1
0.179662637,0.759662637,1
0.180346934,0.280346934,-1
0.180997279,0.800997279,1
0.181626430,0.321626430,-1
0.182240236,0.842240236,1
0.182844196,0.362844196,-1
0.183440284,0.883440284,1
0.184031702,0.404031702,-1
0.184620168,0.924620168,1
0.185206843,0.445206843,-1
0.185793814,0.965793814,1
0.186382390,0.486382390,-1
0.186973846,0.006973846,1
0.187570734,0.527570734,-1
0.188174845,0.048174845,1
0.188790302,0.568790302,-1
0.189420053,0.089420053,1
0.190073122,0.610073122,-1
0.190759854,0.130759854,1
0.191508973,0.651508973,-1
0.192405181,0.172405181,1
0.194240818,0.174240818,-1
0.194789498,0.654789498,1
0.196229505,0.656229505,-1
0.197199511,0.177199511,1
0.197968833,0.697968833,-1
0.198667194,0.218667194,1
0.199325548,0.739325548,-1
0.199961070,0.259961070,1
0.200578001,0.780578001,-1
0.201184783,0.301184783,1
0.201782621,0.821782621,-1
0.202375593,0.342375593,1
0.202964653,0.862964653,-1
0.203551552,0.383551552,1
0.204138417,0.904138417,-1
0.204726170,0.424726170,1
0.205316508,0.945316508,-1
0.205911248,0.465911248,1
0.206513041,0.986513041,-1
0.207125075,0.507125075,1
0.207750013,0.027750013,-1
0.208395369,0.548395369,1
0.209070299,0.069070299,-1
0.209796692,0.589796692,1
0.210630031,0.110630031,-1
0.212916528,0.112916528,1
0.213611224,0.593611224,-1
0.214284434,0.594284434,-1
0.215464589,0.115464589,-1
0.216269265,0.636269265,1
0.216983603,0.156983603,-1
0.217652014,0.677652014,1
0.218293135,0.198293135,-1
0.218915215,0.718915215,1
0.219524939,0.239524939,-1
0.220124662,0.760124662,1
0.220719319,0.280719319,-1
0.221308920,0.801308920,1
0.221896260,0.321896260,-1
0.222483050,0.842483050,1
0.223070139,0.363070139,-1
0.223659578,0.883659578,1
0.224253068,0.404253068,-1
0.224852769,0.924852769,1
0.225460577,0.445460577,-1
0.226081828,0.966081828,1
0.226719962,0.486719962,-1
0.227384948,0.007384948,1
0.228092718,0.528092718,-1
0.228883110,0.048883110,1
0.229953602,0.569953602,-1
0.230977513,0.570977513,-1
0.231584732,0.051584732,-1
0.233708551,0.053708551,1
0.234562533,0.574562533,-1
0.235296414,0.095296414,1
0.235975802,0.615975802,-1
0.236623946,0.136623946,1
0.237250693,0.657250693,-1
0.237864312,0.177864312,1
0.238466386,0.698466386,-1
0.239062763,0.219062763,1
0.239652771,0.739652771,-1
0.240240954,0.260240954,1
0.240827707,0.780827707,-1
0.241414296,0.301414296,1
0.242003361,0.822003361,-1
0.242595295,0.342595295,1
0.243193215,0.863193215,-1
0.243798157,0.383798157,1
0.244414471,0.904414471,-1
0.245047140,0.425047140,1
0.245702876,0.945702876,-1
0.246395421,0.466395421,1
0.247154008,0.987154008,-1
0.248083077,0.508083077,1
0.249729763,0.509729763,-1
0.250270068,0.990270068,1
0.251917181,0.991917181,-1
0.252845876,0.512845876,1
0.253604743,0.033604743,-1
0.254297017,0.554297017,1
0.254953008,0.074953008,-1
0.255584990,0.595584990,1
0.256201959,0.116201959,-1
0.256807174,0.636807174,1
0.257404931,0.157404931,-1
0.257996446,0.677996446,1
0.258585478,0.198585478,-1
0.259172382,0.719172382,1
0.259758846,0.239758846,-1
0.260347298,0.760347298,1
0.260937821,0.280937821,-1
0.261534059,0.801534059,1
0.262136254,0.322136254,-1
0.262749404,0.842749404,1
0.263376046,0.363376046,-1
0.264024113,0.884024113,1
0.264703501,0.404703501,-1
0.265437824,0.925437824,1
0.266291727,0.446291727,-1
0.268415432,0.448415432,1
0.269022258,0.929022258,-1
0.270046184,0.930046184,-1
0.271117146,0.451117146,-1
0.271907497,0.971907497,1
0.272615455,0.492615455,-1
0.273279849,0.013279849,1
0.273918544,0.533918544,-1
0.274538776,0.054538776,1
0.275147016,0.575147016,-1
0.275746692,0.095746692,1
0.276339931,0.616339931,-1
0.276929815,0.136929815,1
0.277517073,0.657517073,-1
0.278103631,0.178103631,1
0.278691379,0.698691379,-1
0.279280906,0.219280906,1
0.279875273,0.739875273,-1
0.280474953,0.260474953,1
0.281085223,0.781085223,-1
0.281706634,0.301706634,1
0.282348162,0.822348162,-1
0.283015996,0.343015996,1
0.283730855,0.863730855,-1
0.284535660,0.384535660,1
0.285714737,0.905714737,-1
0.286387731,0.906387731,-1
0.287083533,0.387083533,-1
0.289370165,0.389370165,1
0.290203360,0.910203360,-1
0.290929592,0.430929592,1
0.291604762,0.951604762,-1
0.292249908,0.472249908,1
0.292875014,0.992875014,-1
0.293486399,0.513486399,1
0.294088118,0.034088118,-1
0.294683211,0.554683211,1
0.295273997,0.075273997,-1
0.295861693,0.595861693,1
0.296448391,0.116448391,-1
0.297035594,0.637035594,1
0.297624313,0.157624313,-1
0.298216832,0.678216832,1
0.298814532,0.198814532,-1
0.299421661,0.719421661,1
0.300039514,0.240039514,-1
0.300674285,0.760674285,1
0.301332998,0.281332998,-1
0.302031276,0.802031276,1
0.302800559,0.322800559,-1
0.303770230,0.843770230,1
0.305210854,0.845210854,-1
0.305758995,0.325758995,1
0.307594570,0.327594570,-1
0.308490671,0.848490671,1
0.309239725,0.369239725,-1
0.309926904,0.889926904,1
0.310579836,0.410579836,-1
0.311210081,0.931210081,1
0.311825291,0.451825291,-1
0.312429192,0.972429192,1
0.313026265,0.493026265,-1
0.313618020,0.013618020,1
0.314206180,0.534206180,-1
0.314793117,0.054793117,1
0.315379938,0.575379938,-1
0.315967922,0.095967922,1
0.316559397,0.616559397,-1
0.317155682,0.137155682,1
0.317759438,0.657759438,-1
0.318373279,0.178373279,1
0.319002780,0.699002780,-1
0.319653102,0.219653102,1
0.320337667,0.740337667,-1
0.321079911,0.261079911,1
0.321958048,0.781958048,-1
0.323911988,0.783911988,1
0.324475606,0.264475606,-1
0.325764112,0.265764112,-1
0.326767217,0.786767217,-1
0.327544749,0.307544749,1
0.328246048,0.828246048,-1
0.328908033,0.348908033,1
0.329543262,0.869543262,-1
0.330163320,0.390163320,1
0.330769892,0.910769892,-1
0.331369069,0.431369069,1
0.331961484,0.951961484,-1
0.332550590,0.472550590,1
0.333137802,0.993137802,-1
0.333724409,0.513724409,1
0.334312040,0.034312040,-1
0.334902399,0.554902399,1
0.335497199,0.075497199,-1
0.336098409,0.596098409,1
0.336708702,0.116708702,-1
0.337333027,0.637333027,1
0.337976014,0.157976014,-1
0.338648864,0.678648864,1
0.339369550,0.199369550,-1
0.340191361,0.720191361,1
0.342583326,0.722583326,-1
0.343432078,0.203432078,1
0.343682635,0.203682635,1
0.345027619,0.725027619,1
0.345843341,0.245843341,-1
0.346562169,0.766562169,1
0.347233449,0.287233449,-1
0.347875664,0.807875664,1
0.348499473,0.328499473,-1
0.349109329,0.849109329,1
0.349710925,0.369710925,-1
0.350304527,0.890304527,1
0.350894907,0.410894907,-1
0.351482443,0.931482443,1
0.352069003,0.452069003,-1
0.352656398,0.972656398,1
0.353245644,0.493245644,-1
0.353839057,0.013839057,1
0.354437838,0.534437838,-1
0.355045502,0.055045502,1
0.355664490,0.575664490,-1
0.356301702,0.096301702,1
0.356963862,0.616963862,-1
0.357667392,0.137667392,1
0.358449508,0.658449508,-1
0.359472223,0.179472223,1
0.360678259,0.180678259,1
0.361253320,0.661253320,1
0.363264833,0.663264833,-1
0.364134208,0.184134208,1
0.364873963,0.704873963,-1
0.365556651,0.225556651,1
0.366206098,0.746206098,-1
0.366834667,0.266834667,1
0.367447882,0.787447882,-1
0.368051791,0.308051791,1
0.368647323,0.828647323,-1
0.369239042,0.349239042,1
0.369827036,0.869827036,-1
0.370413760,0.390413760,1
0.371000837,0.911000837,-1
0.371589124,0.431589124,1
0.372181227,0.952181227,-1
0.372777696,0.472777696,1
0.373382893,0.993382893,-1
0.373998243,0.513998243,1
0.374629267,0.034629267,-1
0.375282867,0.555282867,1
0.375971771,0.075971771,-1
0.376723775,0.596723775,1
0.377630433,0.117630433,-1
0.379404528,0.119404528,1
0.379948593,0.599948593,-1
0.381460219,0.601460219,1
0.382415178,0.122415178,-1
0.383180884,0.643180884,1
0.383877040,0.163877040,-1
0.384534710,0.684534710,1
0.385169204,0.205169204,-1
0.385785917,0.725785917,1
0.386392157,0.246392157,-1
0.386989854,0.766989854,1
0.387582780,0.287582780,-1
0.388171577,0.808171577,1
0.388758541,0.328758541,-1
0.389345348,0.849345348,1
0.389932906,0.369932906,-1
0.390523687,0.890523687,1
0.391118129,0.411118129,-1
0.391720834,0.931720834,1
0.392332685,0.452332685,-1
0.392958937,0.972958937,1
0.393604660,0.493604660,-1
0.394281533,0.014281533,1
0.395010016,0.535010016,-1
0.395850265,0.055850265,1
0.398082940,0.058082940,-1
0.398740916,0.538740916,1
0.399546688,0.539546688,1
0.400682093,0.060682093,1
0.401482164,0.581482164,-1
0.402193924,0.102193924,-1
0.402861536,0.622861536,1
0.403501199,0.143501199,-1
0.404123396,0.664123396,-1
0.404732117,0.184732117,1
0.405332100,0.705332100,-1
0.405926299,0.225926299,1
0.406515817,0.746515817,-1
0.407103226,0.267103226,1
0.407689927,0.787689927,-1
0.408277062,0.308277062,1
0.408866763,0.828866763,-1
0.409460166,0.349460166,1
0.410060482,0.870060482,-1
0.410668159,0.390668159,1
0.411290448,0.911290448,-1
0.411928832,0.431928832,1
0.412595590,0.952595590,-1
0.413305048,0.473305048,1
0.414100476,0.994100476,-1
0.415200407,0.515200407,1
0.416122013,0.516122013,1
0.416750804,0.996750804,1
0.418929327,0.998929327,-1
0.419776434,0.519776434,1
0.420507369,0.040507369,-1
0.421185687,0.561185687,-1
0.421832377,0.081832377,1
0.422459034,0.602459034,-1
0.423071646,0.123071646,-1
0.423674037,0.643674037,1
0.424269434,0.164269434,-1
0.424859808,0.684859808,1
0.425447806,0.205447806,-1
0.426034568,0.726034568,1
0.426621339,0.246621339,-1
0.427210396,0.767210396,1
0.427802616,0.287802616,-1
0.428400691,0.808400691,1
0.429005880,0.329005880,-1
0.429622782,0.849622782,1
0.430255918,0.370255918,-1
0.430913004,0.890913004,1
0.431606968,0.411606968,-1
0.432369301,0.932369301,1
0.433310593,0.453310593,-1
0.434891115,0.454891115,1
0.435432397,0.935432397,-1
0.437143604,0.937143604,1
0.438061352,0.458061352,-1
0.438816426,0.978816426,1
0.439507350,0.499507350,1
0.440161747,0.020161747,-1
0.440793607,0.540793607,1
0.441409367,0.061409367,-1
0.442014874,0.582014874,1
0.442611699,0.102611699,-1
0.443203645,0.623203645,1
0.443792279,0.143792279,-1
0.444379270,0.664379270,-1
0.444965986,0.184965986,1
0.445554212,0.705554212,-1
0.446145347,0.226145347,1
0.446741300,0.746741300,-1
0.447344161,0.267344161,1
0.447957518,0.787957518,-1
0.448584845,0.308584845,1
0.449233833,0.829233833,-1
0.449914593,0.349914593,1
0.450651830,0.870651830,-1
0.451513020,0.391513020,1
0.453581211,0.393581211,-1
0.454170092,0.874170092,1
0.455288483,0.875288483,1
0.456334069,0.396334069,1
0.457120023,0.917120023,-1
0.457826115,0.437826115,1
0.458488966,0.958488966,1
0.459127432,0.479127432,-1
0.459746483,0.999746483,1
0.460354948,0.520354948,-1
0.460953661,0.040953661,1
0.461547308,0.561547308,-1
0.462136640,0.082136640,1
0.462724027,0.602724027,-1
0.463310650,0.123310650,-1
0.463898204,0.643898204,1
0.464488333,0.164488333,-1
0.465082284,0.685082284,1
0.465682967,0.205682967,-1
0.466293039,0.726293039,1
0.466915551,0.246915551,-1
0.467557466,0.767557466,1
0.468226872,0.288226872,-1
0.468943796,0.808943796,1
0.469753845,0.329753845,-1
0.470993997,0.850993997,1
0.471500212,0.851500212,1
0.472250075,0.332250075,1
0.474589591,0.334589591,-1
0.475416874,0.855416874,1
0.476140533,0.376140533,1
0.476814273,0.896814273,-1
0.477458749,0.417458749,1
0.478083016,0.938083016,-1
0.478694448,0.458694448,1
0.479295303,0.979295303,-1
0.479890776,0.499890776,1
0.480480886,0.020480886,-1
0.481068708,0.541068708,1
0.481655323,0.061655323,-1
0.482242370,0.582242370,1
0.482831552,0.102831552,-1
0.483423678,0.623423678,1
0.484022467,0.144022467,-1
0.484629173,0.664629173,-1
0.485248253,0.185248253,1
0.485883207,0.705883207,-1
0.486543555,0.226543555,1
0.487243318,0.747243318,-1
0.488016632,0.268016632,1
0.489002529,0.789002529,-1
0.490368496,0.790368496,-1
0.490923170,0.270923170,-1
0.492818709,0.272818709,1
0.493705368,0.793705368,-1
0.494451062,0.314451062,1
0.495136814,0.835136814,1
0.495788627,0.355788627,-1
0.496418260,0.876418260,1
0.497033142,0.397033142,-1
0.497636603,0.917636603,1
0.498233735,0.438233735,-1
0.498825011,0.958825011,1
0.499413293,0.479413293,-1
0.500000000,1.000000000,1
0.500586707,0.520586707,-1
0.501174989,0.041174989,1
0.501766265,0.561766265,-1
0.502363397,0.082363397,1
0.502966858,0.602966858,-1
0.503581740,0.123581740,-1
0.504211373,0.644211373,1
0.504863186,0.164863186,-1
0.505548938,0.685548938,1
0.506294632,0.206294632,-1
0.507181291,0.727181291,1
0.509076830,0.729076830,-1
0.509631504,0.209631504,1
0.510997471,0.210997471,1
0.511983368,0.731983368,1
0.512756682,0.252756682,-1
0.513456445,0.773456445,1
0.514116793,0.294116793,1
0.514751747,0.814751747,-1
0.515370827,0.335370827,1
0.515977533,0.855977533,-1
0.516576322,0.376576322,1
0.517168448,0.897168448,-1
0.517757630,0.417757630,1
0.518344677,0.938344677,-1
0.518931292,0.458931292,1
0.519519114,0.979519114,-1
0.520109224,0.500109224,1
0.520704697,0.020704697,-1
0.521305552,0.541305552,1
0.521916984,0.061916984,-1
0.522541251,0.582541251,1
0.523185727,0.103185727,-1
0.523859467,0.623859467,1
0.524583126,0.144583126,1
0.525410409,0.665410409,-1
0.527749925,0.667749925,1
0.528499788,0.148499788,-1
0.529006003,0.149006003,-1
0.530246155,0.670246155,-1
0.531056204,0.191056204,1
0.531773128,0.711773128,-1
0.532442534,0.232442534,1
0.533084449,0.753084449,1
0.533706961,0.273706961,-1
0.534317033,0.794317033,1
0.534917716,0.314917716,-1
0.535511667,0.835511667,1
0.536101796,0.356101796,-1
0.536689350,0.876689350,1
0.537275973,0.397275973,-1
0.537863360,0.917863360,1
0.538452692,0.438452692,-1
0.539046339,0.959046339,1
0.539645052,0.479645052,-1
0.540253517,0.000253517,1
0.540872568,0.520872568,-1
0.541511034,0.041511034,1
0.542173885,0.562173885,1
0.542879977,0.082879977,-1
0.543665931,0.603665931,1
0.544711517,0.124711517,-1
0.545829908,0.125829908,-1
0.546418789,0.606418789,-1
0.548486980,0.608486980,1
0.549348170,0.129348170,-1
0.550085407,0.650085407,1
0.550766167,0.170766167,1
0.551415155,0.691415155,-1
0.552042482,0.212042482,1
0.552655839,0.732655839,-1
0.553258700,0.253258700,1
0.553854653,0.773854653,-1
0.554445788,0.294445788,1
0.555034014,0.815034014,-1
0.555620730,0.335620730,1
0.556207721,0.856207721,-1
0.556796355,0.376796355,1
0.557388301,0.897388301,-1
0.557985126,0.417985126,1
0.558590633,0.938590633,-1
0.559206393,0.459206393,1
0.559838253,0.979838253,-1
0.560492650,0.500492650,1
0.561183574,0.021183574,1
0.561938648,0.541938648,-1
0.562856396,0.062856396,1
0.564567603,0.064567603,-1
0.565108885,0.545108885,1
0.566689407,0.546689407,-1
0.567630699,0.067630699,1
0.568393032,0.588393032,-1
0.569086996,0.109086996,-1
0.569744082,0.629744082,1
0.570377218,0.150377218,-1
0.570994120,0.670994120,1
0.571599309,0.191599309,-1
0.572197384,0.712197384,1
0.572789604,0.232789604,-1
0.573378661,0.753378661,1
0.573965432,0.273965432,-1
0.574552194,0.794552194,1
0.575140192,0.315140192,-1
0.575730566,0.835730566,1
0.576325963,0.356325963,-1
0.576928354,0.876928354,1
0.577540966,0.397540966,-1
0.578167623,0.918167623,1
0.578814313,0.438814313,-1
0.579492631,0.959492631,-1
0.580223566,0.480223566,1
0.581070673,0.001070673,-1
0.583249196,0.003249196,1
0.583877987,0.483877987,-1
0.584799593,0.484799593,-1
0.585899524,0.005899524,-1
0.586694952,0.526694952,1
0.587404410,0.047404410,-1
0.588071168,0.568071168,-1
0.588709552,0.088709552,1
0.589331841,0.609331841,-1
0.589939518,0.129939518,1
0.590539834,0.650539834,-1
0.591133237,0.171133237,1
0.591722938,0.691722938,-1
0.592310073,0.212310073,1
0.592896774,0.732896774,-1
0.593484183,0.253484183,1
0.594073701,0.774073701,-1
0.594667900,0.294667900,1
0.595267883,0.815267883,-1
0.595876604,0.335876604,1
0.596498801,0.856498801,-1
0.597138464,0.377138464,-1
0.597806076,0.897806076,1
0.598517836,0.418517836,-1
0.599317907,0.939317907,1
0.600453312,0.460453312,-1
0.601259084,0.461259084,-1
0.601917060,0.941917060,-1
0.604149735,0.944149735,1
0.604989984,0.464989984,-1
0.605718467,0.985718467,-1
0.606395340,0.506395340,1
0.607041063,0.027041063,-1
0.607667315,0.547667315,1
0.608279166,0.068279166,-1
0.608881871,0.588881871,1
0.609476313,0.109476313,-1
0.610067094,0.630067094,1
0.610654652,0.150654652,-1
0.611241459,0.671241459,1
0.611828423,0.191828423,-1
0.612417220,0.712417220,1
0.613010146,0.233010146,-1
0.613607843,0.753607843,1
0.614214083,0.274214083,-1
0.614830796,0.794830796,1
0.615465290,0.315465290,-1
0.616122960,0.836122960,-1
0.616819116,0.356819116,1
0.617584822,0.877584822,-1
0.618539781,0.398539781,1
0.620051407,0.400051407,-1
0.620595472,0.880595472,1
0.622369567,0.882369567,-1
0.623276225,0.403276225,1
0.624028229,0.924028229,-1
0.624717133,0.444717133,-1
0.625370733,0.965370733,1
0.626001757,0.486001757,-1
0.626617107,0.006617107,1
0.627222304,0.527222304,-1
0.627818773,0.047818773,1
0.628410876,0.568410876,-1
0.628999163,0.088999163,1
0.629586240,0.609586240,-1
0.630172964,0.130172964,1
0.630760958,0.650760958,-1
0.631352677,0.171352677,1
0.631948209,0.691948209,-1
0.632552118,0.212552118,1
0.633165333,0.733165333,-1
0.633793902,0.253793902,1
0.634443349,0.774443349,-1
0.635126037,0.295126037,-1
0.635865792,0.815865792,1
0.636735167,0.336735167,-1
0.638746680,0.338746680,1
0.639321741,0.819321741,-1
0.640527777,0.820527777,-1
0.641550492,0.341550492,-1
0.642332608,0.862332608,1
0.643036138,0.383036138,-1
0.643698298,0.903698298,-1
0.644335510,0.424335510,1
0.644954498,0.944954498,-1
0.645562162,0.465562162,1
0.646160943,0.986160943,-1
0.646754356,0.506754356,1
0.647343602,0.027343602,-1
0.647930997,0.547930997,1
0.648517557,0.068517557,-1
0.649105093,0.589105093,1
0.649695473,0.109695473,-1
0.650289075,0.630289075,1
0.650890671,0.150890671,-1
0.651500527,0.671500527,1
0.652124336,0.192124336,-1
0.652766551,0.712766551,1
0.653437831,0.233437831,-1
0.654156659,0.754156659,-1
0.654972381,0.274972381,1
0.656317365,0.796317365,-1
0.656567922,0.796567922,-1
0.657416674,0.277416674,-1
0.659808639,0.279808639,1
0.660630450,0.800630450,-1
0.661351136,0.321351136,1
0.662023986,0.842023986,-1
0.662666973,0.362666973,-1
0.663291298,0.883291298,1
0.663901591,0.403901591,-1
0.664502801,0.924502801,1
0.665097601,0.445097601,-1
0.665687960,0.965687960,1
0.666275591,0.486275591,-1
0.666862198,0.006862198,1
0.667449410,0.527449410,-1
0.668038516,0.048038516,1
0.668630931,0.568630931,-1
0.669230108,0.089230108,1
0.669836680,0.609836680,-1
0.670456738,0.130456738,1
0.671091967,0.651091967,1
0.671753952,0.171753952,-1
0.672455251,0.692455251,1
0.673232783,0.213232783,-1
0.674235888,0.734235888,1
0.675524394,0.735524394,1
0.676088012,0.216088012,1
0.678041952,0.218041952,-1
0.678920089,0.738920089,1
0.679662333,0.259662333,-1
0.680346898,0.780346898,-1
0.680997220,0.300997220,1
0.681626721,0.821626721,-1
0.682240562,0.342240562,1
0.682844318,0.862844318,-1
0.683440603,0.383440603,1
0.684032078,0.904032078,-1
0.684620062,0.424620062,1
0.685206883,0.945206883,-1
0.685793820,0.465793820,1
0.686381980,0.986381980,-1
0.686973735,0.506973735,1
0.687570808,0.027570808,-1
0.688174709,0.548174709,1
0.688789919,0.068789919,-1
0.689420164,0.589420164,1
0.690073096,0.110073096,-1
0.690760275,0.630760275,-1
0.691509329,0.151509329,1
0.692405430,0.672405430,-1
0.694241005,0.674241005,1
0.694789146,0.154789146,-1
0.696229770,0.156229770,1
0.697199441,0.677199441,-1
0.697968724,0.197968724,1
0.698667002,0.718667002,1
0.699325715,0.239325715,-1
0.699960486,0.759960486,1
0.700578339,0.280578339,-1
0.701185468,0.801185468,1
0.701783168,0.321783168,-1
0.702375687,0.842375687,1
0.702964406,0.362964406,-1
0.703551609,0.883551609,1
0.704138307,0.404138307,-1
0.704726003,0.924726003,1
0.705316789,0.445316789,-1
0.705911882,0.965911882,1
0.706513601,0.486513601,-1
0.707124986,0.007124986,1
0.707750092,0.527750092,-1
0.708395238,0.048395238,1
0.709070408,0.569070408,1
0.709796640,0.089796640,-1
0.710629835,0.610629835,1
0.712916467,0.612916467,-1
0.713612269,0.093612269,1
0.714285263,0.094285263,1
0.715464340,0.615464340,1
0.716269145,0.136269145,-1
0.716984004,0.656984004,1
0.717651838,0.177651838,1
0.718293366,0.698293366,-1
0.718914777,0.218914777,1
0.719525047,0.739525047,-1
0.720124727,0.260124727,1
0.720719094,0.780719094,-1
0.721308621,0.301308621,1
0.721896369,0.821896369,-1
0.722482927,0.342482927,1
0.723070185,0.863070185,-1
0.723660069,0.383660069,1
0.724253308,0.904253308,-1
0.724852984,0.424852984,1
0.725461224,0.945461224,-1
0.726081456,0.466081456,1
0.726720151,0.986720151,-1
0.727384545,0.507384545,1
0.728092503,0.028092503,1
0.728882854,0.548882854,-1
0.729953816,0.069953816,1
0.730977742,0.070977742,1
0.731584568,0.551584568,1
0.733708273,0.553708273,-1
0.734562176,0.074562176,1
0.735296499,0.595296499,1
0.735975887,0.115975887,1
0.736623954,0.636623954,1
0.737250596,0.157250596,-1
0.737863746,0.677863746,1
0.738465941,0.198465941,-1
0.739062179,0.719062179,1
0.739652702,0.239652702,-1
0.740241154,0.760241154,1
0.740827618,0.280827618,-1
0.741414522,0.801414522,1
0.742003554,0.322003554,-1
0.742595069,0.842595069,1
0.743192826,0.363192826,-1
0.743798041,0.883798041,1
0.744415010,0.404415010,-1
0.745046992,0.925046992,1
0.745702983,0.445702983,1
0.746395257,0.966395257,-1
0.747154124,0.487154124,1
0.748082819,0.008082819,-1
0.749729932,0.009729932,1
0.750270237,0.490270237,-1
0.751916923,0.491916923,1
0.752845992,0.012845992,-1
0.753604579,0.533604579,1
0.754297124,0.054297124,1
0.754952860,0.574952860,-1
0.755585529,0.095585529,1
0.756201843,0.616201843,-1
0.756806785,0.136806785,1
0.757404705,0.657404705,-1
0.757996639,0.177996639,1
0.758585704,0.698585704,-1
0.759172293,0.219172293,1
0.759759046,0.739759046,-1
0.760347229,0.260347229,1
0.760937237,0.780937237,-1
0.761533614,0.301533614,1
0.762135688,0.822135688,-1
0.762749307,0.342749307,1
0.763376054,0.863376054,-1
0.764024198,0.384024198,1
0.764703586,0.904703586,1
0.765437467,0.425437467,-1
0.766291449,0.946291449,1
0.768415268,0.948415268,-1
0.769022487,0.429022487,1
0.770046398,0.430046398,1
0.771116890,0.951116890,1
0.771907282,0.471907282,-1
0.772615052,0.992615052,1
0.773280038,0.513280038,1
0.773918172,0.033918172,-1
0.774539423,0.554539423,1
0.775147231,0.075147231,-1
0.775746932,0.595746932,1
0.776340422,0.116340422,-1
0.776929861,0.636929861,1
0.777516950,0.157516950,-1
0.778103740,0.678103740,1
0.778691080,0.198691080,-1
0.779280681,0.719280681,1
0.779875338,0.239875338,-1
0.780475061,0.760475061,1
0.781084785,0.281084785,-1
0.781706865,0.801706865,1
0.782347986,0.322347986,-1
0.783016397,0.843016397,1
0.783730735,0.363730735,1
0.784535411,0.884535411,-1
0.785715566,0.405715566,1
0.786388776,0.406388776,1
0.787083472,0.887083472,1
0.789369969,0.889369969,-1
0.790203308,0.410203308,1
0.790929701,0.930929701,-1
0.791604631,0.451604631,1
0.792249987,0.972249987,1
0.792874925,0.492874925,-1
0.793486959,0.013486959,1
0.794088752,0.534088752,-1
0.794683492,0.054683492,1
0.795273830,0.575273830,-1
0.795861583,0.095861583,1
0.796448448,0.616448448,-1
0.797035347,0.137035347,1
0.797624407,0.657624407,-1
0.798217379,0.178217379,1
0.798815217,0.698815217,-1
0.799421999,0.219421999,1
0.800038930,0.740038930,-1
0.800674452,0.260674452,1
0.801332806,0.781332806,1
0.802031167,0.302031167,-1
0.802800489,0.822800489,1
0.803770495,0.343770495,-1
0.805210502,0.345210502,1
0.805759182,0.825759182,-1
0.807594819,0.827594819,1
0.808491027,0.348491027,-1
0.809240146,0.869240146,1
0.809926878,0.389926878,1
0.810579947,0.910579947,-1
0.811209698,0.431209698,1
0.811825155,0.951825155,-1
0.812429266,0.472429266,1
0.813026154,0.993026154,-1
0.813617610,0.513617610,1
0.814206186,0.034206186,-1
0.814793157,0.554793157,1
0.815379832,0.075379832,-1
0.815968298,0.595968298,1
0.816559716,0.116559716,-1
0.817155804,0.637155804,1
0.817759764,0.157759764,-1
0.818373570,0.678373570,1
0.819002721,0.199002721,-1
0.819653066,0.719653066,1
0.820337363,0.240337363,1
0.821079880,0.761079880,-1
0.821958180,0.281958180,1
0.823911807,0.283911807,-1
0.824475759,0.764475759,1
0.825763717,0.765763717,1
0.826766879,0.286766879,1
0.827545035,0.807545035,-1
0.828246332,0.328246332,-1
0.828907831,0.848907831,1
0.829543775,0.369543775,-1
0.830162795,0.890162795,1
0.830769380,0.410769380,-1
0.831368531,0.931368531,1
0.831961194,0.451961194,-1
0.832550748,0.972550748,1
0.833137822,0.493137822,-1
0.833724409,0.013724409,1
0.834312335,0.534312335,-1
0.834902334,0.054902334,1
0.835496791,0.575496791,-1
0.836098044,0.096098044,1
0.836708917,0.616708917,-1
0.837332877,0.137332877,1
0.837976176,0.657976176,-1
0.838648641,0.178648641,-1
0.839369864,0.699369864,1
0.840191027,0.220191027,-1
0.842583310,0.222583310,1
0.843431648,0.703431648,-1
0.843683261,0.703683261,-1
0.845027563,0.225027563,-1
0.845843689,0.745843689,1
0.846561889,0.266561889,-1
0.847233628,0.787233628,-1
0.847875476,0.307875476,1
0.848499735,0.828499735,-1
0.849109067,0.349109067,1
0.849710597,0.869710597,-1
0.850304575,0.390304575,1
0.850895256,0.910895256,-1
0.851482397,0.431482397,1
0.852069076,0.952069076,-1
0.852656500,0.472656500,1
0.853245222,0.993245222,-1
0.853838604,0.513838604,1
0.854437436,0.034437436,-1
0.855044926,0.555044926,1
0.855664948,0.075664948,-1
0.856301514,0.596301514,1
0.856964182,0.116964182,-1
0.857667785,0.637667785,-1
0.858449326,0.158449326,1
0.859472555,0.679472555,-1
0.860678137,0.680678137,-1
0.861253291,0.161253291,-1
0.863264556,0.163264556,1
0.864134325,0.684134325,-1
0.864873733,0.204873733,-1
0.865556596,0.725556596,-1
0.866206059,0.246206059,-1
0.866834903,0.766834903,1
0.867448298,0.287448298,-1
0.868052005,0.808052005,1
0.868647741,0.328647741,-1
0.869239334,0.849239334,1
0.869826891,0.369826891,-1
0.870413828,0.890413828,1
0.871000780,0.411000780,-1
0.871588783,0.931588783,1
0.872181209,0.452181209,-1
0.872777899,0.972777899,1
0.873382824,0.493382824,-1
0.873997791,0.013997791,1
0.874629381,0.534629381,-1
0.875282822,0.055282822,-1
0.875972103,0.575972103,1
0.876724005,0.096724005,-1
0.877630468,0.617630468,1
0.879404598,0.619404598,-1
0.879948258,0.099948258,1
0.881460092,0.101460092,-1
0.882414924,0.622414924,1
0.883180871,0.143180871,-1
0.883876871,0.663876871,-1
0.884534874,0.184534874,1
0.885168562,0.705168562,-1
0.885786180,0.225786180,1
0.886392778,0.746392778,-1
0.886990284,0.266990284,1
0.887582780,0.787582780,-1
0.888171299,0.308171299,1
0.888758619,0.828758619,-1
0.889345167,0.349345167,1
0.889932820,0.869932820,-1
0.890524072,0.390524072,1
0.891118746,0.911118746,-1
0.891721472,0.431721472,1
0.892332683,0.952332683,-1
0.892958999,0.472958999,1
0.893604531,0.993604531,-1
0.894281572,0.514281572,-1
0.895010093,0.035010093,1
0.895850050,0.555850050,-1
0.898082924,0.558082924,1
0.898740319,0.038740319,-1
0.899547279,0.039547279,-1
0.900682087,0.560682087,-1
0.901482162,0.081482162,1
0.902194368,0.602194368,-1
0.902861348,0.122861348,-1
0.903501491,0.643501491,1
0.904122895,0.164122895,-1
0.904732101,0.684732101,1
0.905332063,0.205332063,-1
0.905925977,0.725925977,1
0.906515613,0.246515613,-1
0.907103351,0.767103351,1
0.907689798,0.287689798,-1
0.908277190,0.808277190,1
0.908867174,0.328867174,-1
0.909460287,0.849460287,1
0.910060607,0.370060607,-1
0.910668709,0.890668709,1
0.911290109,0.411290109,-1
0.911929037,0.931929037,1
0.912595136,0.452595136,-1
0.913304934,0.973304934,-1
0.914100242,0.494100242,1
0.915199989,0.015199989,-1
0.916121249,0.016121249,-1
0.916750724,0.496750724,-1
0.918929210,0.498929210,1
0.919776223,0.019776223,-1
0.920507394,0.540507394,1
0.921185799,0.061185799,-1
0.921832343,0.581832343,1
0.922458985,0.102458985,-1
0.923070970,0.623070970,1
0.923673501,0.143673501,-1
0.924268922,0.664268922,-1
0.924859823,0.184859823,1
0.925448013,0.705448013,-1
0.926034481,0.226034481,1
0.926621643,0.746621643,-1
0.927210501,0.267210501,1
0.927802280,0.787802280,-1
0.928400198,0.308400198,1
0.929005676,0.829005676,-1
0.929623366,0.349623366,1
0.930255749,0.870255749,-1
0.930913146,0.390913146,-1
0.931606882,0.911606882,1
0.932369599,0.432369599,-1
0.933310637,0.953310637,1
0.934891384,0.954891384,-1
0.935432449,0.435432449,1
0.937143911,0.437143911,-1
0.938061286,0.958061286,1
0.938816180,0.478816180,-1
0.939507415,0.999507415,1
0.940161622,0.520161622,-1
0.940794115,0.040794115,1
0.941409353,0.561409353,-1
0.942014569,0.082014569,1
0.942611606,0.602611606,-1
0.943203915,0.123203915,-1
0.943792412,0.643792412,1
0.944379188,0.164379188,-1
0.944966161,0.684966161,1
0.945554042,0.205554042,-1
0.946144842,0.726144842,1
0.946740962,0.246740962,-1
0.947343672,0.767343672,1
0.947957359,0.287957359,-1
0.948584874,0.808584874,1
0.949233899,0.329233899,-1
0.949914744,0.849914744,-1
0.950651568,0.370651568,1
0.951513104,0.891513104,-1
0.953581123,0.893581123,1
0.954170660,0.374170660,-1
0.955288627,0.375288627,-1
0.956334040,0.896334040,-1
0.957119704,0.417119704,1
0.957825767,0.937825767,-1
0.958489150,0.458489150,1
0.959127039,0.979127039,-1
0.959747127,0.499747127,1
0.960355237,0.020355237,-1
0.960954016,0.540954016,1
0.961547852,0.061547852,-1
0.962136605,0.582136605,1
0.962723916,0.102723916,-1
0.963310732,0.623310732,1
0.963897814,0.143897814,-1
0.964488189,0.664488189,-1
0.965082472,0.185082472,1
0.965683143,0.705683143,-1
0.966292681,0.226292681,1
0.966915764,0.746915764,-1
0.967557293,0.267557293,1
0.968227213,0.788227213,1
0.968943560,0.308943560,-1
0.969753629,0.829753629,1
0.970993315,0.350993315,-1
0.971501306,0.351501306,-1
0.972250034,0.832250034,-1
0.974589697,0.834589697,1
0.975416693,0.355416693,-1
0.976140705,0.876140705,1
0.976814130,0.396814130,-1
0.977458849,0.917458849,1
0.978082856,0.438082856,-1
0.978694940,0.958694940,1
0.979295813,0.479295813,-1
0.979890971,0.999890971,1
0.980480650,0.520480650,-1
0.981068655,0.041068655,1
0.981655347,0.561655347,-1
0.982242162,0.082242162,1
0.982831734,0.602831734,-1
0.983424312,0.123424312,-1
0.984023073,0.644023073,1
0.984629605,0.164629605,-1
0.985247698,0.685247698,1
0.985883388,0.205883388,-1
0.986543313,0.726543313,1
0.987243118,0.247243118,1
0.988016765,0.768016765,-1
0.989002170,0.289002170,1
0.990368197,0.290368197,1
0.990923459,0.770923459,1
0.992818506,0.772818506,-1
0.993705562,0.293705562,1
0.994451435,0.814451435,-1
0.995136816,0.335136816,1
0.995788717,0.855788717,-1
0.996417930,0.376417930,1
0.997032924,0.897032924,-1
0.997636569,0.417636569,1
0.998233532,0.938233532,-1
0.998824541,0.458824541,1
0.999413352,0.979413352,-1
